validatorid,total_sts_amount,total_s_amount,weight
13,5352916.110519,5544876.742754,8.4342
14,5352916.110519,5544876.742754,8.4342
15,11017745.334613,11412852.098211,17.3598
16,11017745.334613,11412852.098211,17.3598
17,11017745.334613,11412852.098211,17.3598
18,11017745.334613,11412852.098211,17.3598
24,0.000000,0.000000,0.0000
29,3.359450,3.479923,0.0000
30,1022030.093905,1058681.059274,1.6103
45,7667984.431039,7942965.601856,12.0819