validatorid,total_sts_amount,total_s_amount,weight
13,0.000000,0.000000,0.0000
14,0.000000,0.000000,0.0000
15,6452989.152436,6715034.288184,18.4970
16,6452989.152436,6715034.288184,18.4970
17,6452989.152436,6715034.288184,18.4970
18,6452989.152436,6715034.288184,18.4970
24,0.000000,0.000000,0.0000
29,3.359450,3.495871,0.0000
30,1406686.237739,1463809.421649,4.0322
45,7667984.431039,7979368.500295,21.9797