validatorid,total_sts_amount,total_s_amount,weight
13,0.000000,0.000000,0.0000
14,0.000000,0.000000,0.0000
15,4965496.237860,5178951.372999,17.7192
16,4965496.237860,5178951.372999,17.7192
17,4965496.237860,5178951.372999,17.7192
18,4965496.237860,5178951.372999,17.7192
24,0.000000,0.000000,0.0000
29,3.359450,3.503864,0.0000
30,493341.937919,514549.560477,1.7605
45,7667984.431039,7997613.248496,27.3629