validatorid,total_sts_amount,total_s_amount,weight
13,0.000000,0.000000,0.0000
14,0.000000,0.000000,0.0000
15,4965496.237860,5177759.068195,17.7132
16,4965496.237860,5177759.068195,17.7132
17,4965496.237860,5177759.068195,17.7132
18,4965496.237860,5177759.068195,17.7132
24,0.000000,0.000000,0.0000
29,3.359450,3.503058,0.0000
30,502775.977184,524268.421610,1.7935
45,7667984.431039,7995772.027752,27.3537