validatorid,total_sts_amount,total_s_amount,weight
13,0.000000,0.000000,0.0000
14,0.000000,0.000000,0.0000
15,4219023.148179,4490084.221817,24.4089
16,4219023.148179,4490084.221817,24.4089
17,4219023.148179,4490084.221817,24.4089
18,4219023.148179,4490084.221817,24.4089
24,0.000000,0.000000,0.0000
29,0.000000,0.000000,0.0000
30,408696.675566,434954.355550,2.3645
45,0.031039,0.033034,0.0000