validatorid,total_sts_amount,total_s_amount,weight
13,0.000000,0.000000,0.0000
14,0.000000,0.000000,0.0000
15,11387420.010745,11817832.468522,20.8927
16,11387420.010745,11817832.468522,20.8927
17,11387420.010745,11817832.468522,20.8927
18,11387420.010745,11817832.468522,20.8927
24,0.000000,0.000000,0.0000
29,3.359450,3.486427,0.0000
30,1286605.977073,1335236.065387,2.3606
45,7667984.431039,7957812.682043,14.0686