validatorid,total_sts_amount,total_s_amount,weight
13,0.000000,0.000000,0.0000
14,0.000000,0.000000,0.0000
15,5469023.148179,5838702.039944,24.5563
16,5469023.148179,5838702.039944,24.5563
17,5469023.148179,5838702.039944,24.5563
18,5469023.148179,5838702.039944,24.5563
24,0.000000,0.000000,0.0000
29,0.000000,0.000000,0.0000
30,395297.034909,422017.157648,1.7749
45,0.031039,0.033138,0.0000