validatorid,total_sts_amount,total_s_amount,weight
13,5352916.110519,5538086.816133,8.4657
14,5352916.110519,5538086.816133,8.4657
15,10962485.200203,11341704.877457,17.3374
16,10962485.200203,11341704.877457,17.3374
17,10962485.200203,11341704.877457,17.3374
18,10962485.200203,11341704.877457,17.3374
24,0.000000,0.000000,0.0000
29,3.359450,3.475661,0.0000
30,1009980.971955,1044918.730248,1.5973
45,7664668.823764,7929808.815702,12.1218