validatorid,total_sts_amount,total_s_amount,weight
13,0.000000,0.000000,0.0000
14,0.000000,0.000000,0.0000
15,4219023.148179,4460039.782624,18.2817
16,4219023.148179,4460039.782624,18.2817
17,4219023.148179,4460039.782624,18.2817
18,4219023.148179,4460039.782624,18.2817
24,0.000000,0.000000,0.0000
29,0.000000,0.000000,0.0000
30,533763.218431,564255.066894,2.3129
45,5667984.431039,5991774.674344,24.5603