validatorid,total_sts_amount,total_s_amount,weight
13,0.000000,0.000000,0.0000
14,0.000000,0.000000,0.0000
15,5427218.977051,5826506.434434,24.3851
16,5427218.977051,5826506.434434,24.3851
17,5427218.977051,5826506.434434,24.3851
18,5427218.977051,5826506.434434,24.3851
24,0.000000,0.000000,0.0000
29,0.000000,0.000000,0.0000
30,547394.739393,587667.272084,2.4595
45,0.031039,0.033323,0.0000