validatorid,total_sts_amount,total_s_amount,weight
13,0.000000,0.000000,0.0000
14,0.000000,0.000000,0.0000
15,6415866.771988,6675678.382971,18.4871
16,6415866.771988,6675678.382971,18.4871
17,6415866.771988,6675678.382971,18.4871
18,6415866.771988,6675678.382971,18.4871
24,0.000000,0.000000,0.0000
29,3.359450,3.495491,0.0000
30,1373172.958288,1428779.829679,3.9567
45,7667984.431039,7978500.758578,22.0950