validatorid,total_sts_amount,total_s_amount,weight
13,0.000000,0.000000,0.0000
14,0.000000,0.000000,0.0000
15,4219023.148179,4442157.855424,16.8289
16,4219023.148179,4442157.855424,16.8289
17,4219023.148179,4442157.855424,16.8289
18,4219023.148179,4442157.855424,16.8289
24,0.000000,0.000000,0.0000
29,0.000000,0.000000,0.0000
30,526084.804946,553908.254786,2.0984
45,7667984.431039,8073526.994113,30.5861