validatorid,total_sts_amount,total_s_amount,weight
13,0.000000,0.000000,0.0000
14,0.000000,0.000000,0.0000
15,4219023.148179,4489023.385750,24.4470
16,4219023.148179,4489023.385750,24.4470
17,4219023.148179,4489023.385750,24.4470
18,4219023.148179,4489023.385750,24.4470
24,0.000000,0.000000,0.0000
29,0.000000,0.000000,0.0000
30,381721.605759,406150.228362,2.2119
45,0.031039,0.033026,0.0000