validatorid,total_sts_amount,total_s_amount,weight
13,0.000000,0.000000,0.0000
14,0.000000,0.000000,0.0000
15,4219023.148179,4446401.980194,16.8255
16,4219023.148179,4446401.980194,16.8255
17,4219023.148179,4446401.980194,16.8255
18,4219023.148179,4446401.980194,16.8255
24,0.000000,0.000000,0.0000
29,0.000000,0.000000,0.0000
30,531066.818044,559687.981894,2.1179
45,7667984.431039,8081240.600206,30.5800