validatorid,total_sts_amount,total_s_amount,weight
13,0.000000,0.000000,0.0000
14,0.000000,0.000000,0.0000
15,5427218.977051,5812102.442084,24.4008
16,5427218.977051,5812102.442084,24.4008
17,5427218.977051,5812102.442084,24.4008
18,5427218.977051,5812102.442084,24.4008
24,0.000000,0.000000,0.0000
29,0.000000,0.000000,0.0000
30,533121.366749,570928.869963,2.3969
45,0.031039,0.033241,0.0000