validatorid,total_sts_amount,total_s_amount,weight
13,0.000000,0.000000,0.0000
14,0.000000,0.000000,0.0000
15,4219023.148179,4437860.513349,16.8576
16,4219023.148179,4437860.513349,16.8576
17,4219023.148179,4437860.513349,16.8576
18,4219023.148179,4437860.513349,16.8576
24,0.000000,0.000000,0.0000
29,0.000000,0.000000,0.0000
30,483292.544504,508360.543264,1.9311
45,7667984.431039,8065716.666705,30.6384