validatorid,total_sts_amount,total_s_amount,weight
13,0.000000,0.000000,0.0000
14,0.000000,0.000000,0.0000
15,4219023.148179,4422008.094610,16.8683
16,4219023.148179,4422008.094610,16.8683
17,4219023.148179,4422008.094610,16.8683
18,4219023.148179,4422008.094610,16.8683
24,0.000000,0.000000,0.0000
29,0.000000,0.000000,0.0000
30,467451.411069,489941.356325,1.8689
45,7667984.431039,8036905.234340,30.6578