validatorid,total_sts_amount,total_s_amount,weight
13,0.000000,0.000000,0.0000
14,0.000000,0.000000,0.0000
15,5469023.148179,5837994.628405,24.5657
16,5469023.148179,5837994.628405,24.5657
17,5469023.148179,5837994.628405,24.5657
18,5469023.148179,5837994.628405,24.5657
24,0.000000,0.000000,0.0000
29,0.000000,0.000000,0.0000
30,386765.523675,412858.930835,1.7373
45,0.031039,0.033134,0.0000