validatorid,total_sts_amount,total_s_amount,weight
13,0.000000,0.000000,0.0000
14,0.000000,0.000000,0.0000
15,4219023.148179,4475484.520099,20.0309
16,4219023.148179,4475484.520099,20.0309
17,4219023.148179,4475484.520099,20.0309
18,4219023.148179,4475484.520099,20.0309
24,0.000000,0.000000,0.0000
29,0.000000,0.000000,0.0000
30,518538.750240,550059.117540,2.4619
45,3667984.431039,3890949.863161,17.4147