validatorid,total_sts_amount,total_s_amount,weight
13,0.000000,0.000000,0.0000
14,0.000000,0.000000,0.0000
15,4965496.237860,5178349.672877,17.7141
16,4965496.237860,5178349.672877,17.7141
17,4965496.237860,5178349.672877,17.7141
18,4965496.237860,5178349.672877,17.7141
24,0.000000,0.000000,0.0000
29,3.359450,3.503457,0.0000
30,501319.841699,522809.667738,1.7884
45,7667984.431039,7996684.071038,27.3551