validatorid,total_sts_amount,total_s_amount,weight
13,0.000000,0.000000,0.0000
14,0.000000,0.000000,0.0000
15,5427218.977051,5825070.427026,24.3837
16,5427218.977051,5825070.427026,24.3837
17,5427218.977051,5825070.427026,24.3837
18,5427218.977051,5825070.427026,24.3837
24,0.000000,0.000000,0.0000
29,0.000000,0.000000,0.0000
30,548719.448740,588944.254342,2.4653
45,0.031039,0.033315,0.0000