validatorid,total_sts_amount,total_s_amount,weight
13,5352916.110519,5536838.791138,8.4638
14,5352916.110519,5536838.791138,8.4638
15,10965828.473262,11342607.134906,17.3387
16,10965828.473262,11342607.134906,17.3387
17,10965828.473262,11342607.134906,17.3387
18,10965828.473262,11342607.134906,17.3387
24,0.000000,0.000000,0.0000
29,3.359450,3.474878,0.0000
30,1010867.093977,1045599.823173,1.5983
45,7664668.823764,7928021.808757,12.1191