validatorid,total_sts_amount,total_s_amount,weight
13,0.000000,0.000000,0.0000
14,0.000000,0.000000,0.0000
15,4219023.148179,4453239.673488,17.5671
16,4219023.148179,4453239.673488,17.5671
17,4219023.148179,4453239.673488,17.5671
18,4219023.148179,4453239.673488,17.5671
24,0.000000,0.000000,0.0000
29,0.000000,0.000000,0.0000
30,472476.836845,498706.103461,1.9673
45,6667984.431039,7038153.564841,27.7641