validatorid,total_sts_amount,total_s_amount,weight
13,0.000000,0.000000,0.0000
14,0.000000,0.000000,0.0000
15,4219023.148179,4491185.557176,24.4131
16,4219023.148179,4491185.557176,24.4131
17,4219023.148179,4491185.557176,24.4131
18,4219023.148179,4491185.557176,24.4131
24,0.000000,0.000000,0.0000
29,0.000000,0.000000,0.0000
30,405684.874240,431854.954088,2.3475
45,0.031039,0.033042,0.0000