validatorid,total_sts_amount,total_s_amount,weight
13,0.000000,0.000000,0.0000
14,0.000000,0.000000,0.0000
15,4965496.237860,5191542.933388,17.7375
16,4965496.237860,5191542.933388,17.7375
17,4965496.237860,5191542.933388,17.7375
18,4965496.237860,5191542.933388,17.7375
24,0.000000,0.000000,0.0000
29,3.359450,3.512383,0.0000
30,464406.390873,485547.788431,1.6589
45,7667984.431039,8017057.808394,27.3912