validatorid,total_sts_amount,total_s_amount,weight
13,0.000000,0.000000,0.0000
14,0.000000,0.000000,0.0000
15,4219023.148179,4483083.482884,24.3877
16,4219023.148179,4483083.482884,24.3877
17,4219023.148179,4483083.482884,24.3877
18,4219023.148179,4483083.482884,24.3877
24,0.000000,0.000000,0.0000
29,0.000000,0.000000,0.0000
30,423728.446455,450248.773902,2.4493
45,0.031039,0.032982,0.0000