validatorid,total_sts_amount,total_s_amount,weight
13,0.000000,0.000000,0.0000
14,0.000000,0.000000,0.0000
15,4219023.148179,4472776.302832,20.0295
16,4219023.148179,4472776.302832,20.0295
17,4219023.148179,4472776.302832,20.0295
18,4219023.148179,4472776.302832,20.0295
24,0.000000,0.000000,0.0000
29,0.000000,0.000000,0.0000
30,520015.184753,551291.498953,2.4687
45,3667984.431039,3888595.361083,17.4134