validatorid,total_sts_amount,total_s_amount,weight
13,0.000000,0.000000,0.0000
14,0.000000,0.000000,0.0000
15,4965496.237860,5189197.275777,17.7429
16,4965496.237860,5189197.275777,17.7429
17,4965496.237860,5189197.275777,17.7429
18,4965496.237860,5189197.275777,17.7429
24,0.000000,0.000000,0.0000
29,3.359450,3.510796,0.0000
30,455844.976808,476381.291721,1.6288
45,7667984.431039,8013435.518661,27.3995