validatorid,total_sts_amount,total_s_amount,weight
13,0.000000,0.000000,0.0000
14,0.000000,0.000000,0.0000
15,6415319.315872,6676580.293472,18.4803
16,6415319.315872,6676580.293472,18.4803
17,6415319.315872,6676580.293472,18.4803
18,6415319.315872,6676580.293472,18.4803
24,0.000000,0.000000,0.0000
29,3.359450,3.496262,0.0000
30,1385054.402631,1441460.116742,3.9899
45,7667984.431039,7980259.628895,22.0888