validatorid,total_sts_amount,total_s_amount,weight
13,5352916.110519,5554652.050028,8.2088
14,5352916.110519,5554652.050028,8.2088
15,11387504.255338,11816666.383453,17.4629
16,11387504.255338,11816666.383453,17.4629
17,11387504.255338,11816666.383453,17.4629
18,11387504.255338,11816666.383453,17.4629
24,0.000000,0.000000,0.0000
29,3.359450,3.486058,0.0000
30,1285822.030001,1334280.946582,1.9718
45,7667984.431039,7956968.605534,11.7590