validatorid,total_sts_amount,total_s_amount,weight
13,0.000000,0.000000,0.0000
14,0.000000,0.000000,0.0000
15,4219023.148179,4443234.648328,16.8354
16,4219023.148179,4443234.648328,16.8354
17,4219023.148179,4443234.648328,16.8354
18,4219023.148179,4443234.648328,16.8354
24,0.000000,0.000000,0.0000
29,0.000000,0.000000,0.0000
30,516360.722603,543801.674730,2.0605
45,7667984.431039,8075484.042210,30.5980