validatorid,total_sts_amount,total_s_amount,weight
13,0.000000,0.000000,0.0000
14,0.000000,0.000000,0.0000
15,4219023.148179,4414175.969581,16.8665
16,4219023.148179,4414175.969581,16.8665
17,4219023.148179,4414175.969581,16.8665
18,4219023.148179,4414175.969581,16.8665
24,0.000000,0.000000,0.0000
29,3.359450,3.514842,0.0000
30,470130.025450,491876.102130,1.8795
45,7667984.431039,8022670.514435,30.6545