validatorid,total_sts_amount,total_s_amount,weight
13,0.000000,0.000000,0.0000
14,0.000000,0.000000,0.0000
15,6402037.726308,6655492.231418,18.4852
16,6402037.726308,6655492.231418,18.4852
17,6402037.726308,6655492.231418,18.4852
18,6402037.726308,6655492.231418,18.4852
24,0.000000,0.000000,0.0000
29,3.359450,3.492449,0.0000
30,1357099.327211,1410826.429904,3.9185
45,7667984.431039,7971557.337393,22.1405