validatorid,total_sts_amount,total_s_amount,weight
13,0.000000,0.000000,0.0000
14,0.000000,0.000000,0.0000
15,4965496.237860,5186193.621181,17.7375
16,4965496.237860,5186193.621181,17.7375
17,4965496.237860,5186193.621181,17.7375
18,4965496.237860,5186193.621181,17.7375
24,0.000000,0.000000,0.0000
29,3.359450,3.508764,0.0000
30,464321.800508,484959.134922,1.6586
45,7667984.431039,8008797.114849,27.3912