validatorid,total_sts_amount,total_s_amount,weight
13,0.000000,0.000000,0.0000
14,0.000000,0.000000,0.0000
15,4219023.148179,4417802.662967,16.8482
16,4219023.148179,4417802.662967,16.8482
17,4219023.148179,4417802.662967,16.8482
18,4219023.148179,4417802.662967,16.8482
24,0.000000,0.000000,0.0000
29,3.359450,3.517730,0.0000
30,497369.924859,520803.537062,1.9862
45,7667984.431039,8029261.952178,30.6212