validatorid,total_sts_amount,total_s_amount,weight
13,0.000000,0.000000,0.0000
14,0.000000,0.000000,0.0000
15,4219023.148179,4479288.695321,24.2777
16,4219023.148179,4479288.695321,24.2777
17,4219023.148179,4479288.695321,24.2777
18,4219023.148179,4479288.695321,24.2777
24,0.000000,0.000000,0.0000
29,0.000000,0.000000,0.0000
30,502075.532066,533047.858709,2.8891
45,0.031039,0.032954,0.0000