validatorid,total_sts_amount,total_s_amount,weight
13,0.000000,0.000000,0.0000
14,0.000000,0.000000,0.0000
15,4965496.237860,5179556.753685,17.7336
16,4965496.237860,5179556.753685,17.7336
17,4965496.237860,5179556.753685,17.7336
18,4965496.237860,5179556.753685,17.7336
24,0.000000,0.000000,0.0000
29,3.359450,3.504274,0.0000
30,470594.616144,490881.757942,1.6807
45,7667984.431039,7998548.109677,27.3851