validatorid,total_sts_amount,total_s_amount,weight
13,0.000000,0.000000,0.0000
14,0.000000,0.000000,0.0000
15,5469023.148179,5841515.685545,24.5148
16,5469023.148179,5841515.685545,24.5148
17,5469023.148179,5841515.685545,24.5148
18,5469023.148179,5841515.685545,24.5148
24,0.000000,0.000000,0.0000
29,0.000000,0.000000,0.0000
30,432970.087630,462459.472146,1.9408
45,0.031039,0.033154,0.0000