validatorid,total_sts_amount,total_s_amount,weight
13,0.000000,0.000000,0.0000
14,0.000000,0.000000,0.0000
15,4219023.148179,4423694.530958,16.8774
16,4219023.148179,4423694.530958,16.8774
17,4219023.148179,4423694.530958,16.8774
18,4219023.148179,4423694.530958,16.8774
24,0.000000,0.000000,0.0000
29,0.000000,0.000000,0.0000
30,454056.148250,476083.119057,1.8164
45,7667984.431039,8039970.296371,30.6742