validatorid,total_sts_amount,total_s_amount,weight
13,5352916.110519,5523962.677235,8.4525
14,5352916.110519,5523962.677235,8.4525
15,10985653.410236,11336687.923043,17.3469
16,10985653.410236,11336687.923043,17.3469
17,10985653.410236,11336687.923043,17.3469
18,10985653.410236,11336687.923043,17.3469
24,0.000000,0.000000,0.0000
29,3.359450,3.466797,0.0000
30,1019906.675532,1052496.675379,1.6105
45,7660859.371832,7905653.735612,12.0969