validatorid,total_sts_amount,total_s_amount,weight
13,0.000000,0.000000,0.0000
14,0.000000,0.000000,0.0000
15,4219023.148179,4482001.788771,24.4684
16,4219023.148179,4482001.788771,24.4684
17,4219023.148179,4482001.788771,24.4684
18,4219023.148179,4482001.788771,24.4684
24,0.000000,0.000000,0.0000
29,0.000000,0.000000,0.0000
30,366653.765778,389507.897056,2.1264
45,0.031039,0.032974,0.0000