validatorid,total_sts_amount,total_s_amount,weight
13,5352916.110519,5546573.781570,8.4021
14,5352916.110519,5546573.781570,8.4021
15,11067981.145620,11468398.302855,17.3726
16,11067981.145620,11468398.302855,17.3726
17,11067981.145620,11468398.302855,17.3726
18,11067981.145620,11468398.302855,17.3726
24,0.000000,0.000000,0.0000
29,3.359450,3.480988,0.0000
30,1063607.157307,1102086.311612,1.6695
45,7667984.431039,7945396.588433,12.0359