validatorid,total_sts_amount,total_s_amount,weight
13,0.000000,0.000000,0.0000
14,0.000000,0.000000,0.0000
15,4219023.148179,4468472.303251,20.0198
16,4219023.148179,4468472.303251,20.0198
17,4219023.148179,4468472.303251,20.0198
18,4219023.148179,4468472.303251,20.0198
24,0.000000,0.000000,0.0000
29,0.000000,0.000000,0.0000
30,530203.143579,561551.330479,2.5159
45,3667984.431039,3884853.498832,17.4050