validatorid,total_sts_amount,total_s_amount,weight
13,0.000000,0.000000,0.0000
14,0.000000,0.000000,0.0000
15,6420438.923699,6673197.429176,18.4943
16,6420438.923699,6673197.429176,18.4943
17,6420438.923699,6673197.429176,18.4943
18,6420438.923699,6673197.429176,18.4943
24,0.000000,0.000000,0.0000
29,3.359450,3.491704,0.0000
30,1366017.004989,1419794.078603,3.9349
45,7667984.431039,7969856.048828,22.0879