validatorid,total_sts_amount,total_s_amount,weight
13,0.000000,0.000000,0.0000
14,0.000000,0.000000,0.0000
15,4219023.148179,4424631.141511,16.8954
16,4219023.148179,4424631.141511,16.8954
17,4219023.148179,4424631.141511,16.8954
18,4219023.148179,4424631.141511,16.8954
24,0.000000,0.000000,0.0000
29,0.000000,0.000000,0.0000
30,427390.825434,448219.099396,1.7115
45,7667984.431039,8041672.566039,30.7070