validatorid,total_sts_amount,total_s_amount,weight
13,0.000000,0.000000,0.0000
14,0.000000,0.000000,0.0000
15,5469023.148179,5830209.961196,24.5444
16,5469023.148179,5830209.961196,24.5444
17,5469023.148179,5830209.961196,24.5444
18,5469023.148179,5830209.961196,24.5444
24,0.000000,0.000000,0.0000
29,0.000000,0.000000,0.0000
30,406055.319639,432872.142833,1.8223
45,0.031039,0.033089,0.0000