validatorid,total_sts_amount,total_s_amount,weight
13,0.000000,0.000000,0.0000
14,0.000000,0.000000,0.0000
15,4219023.148179,4450609.508658,16.8301
16,4219023.148179,4450609.508658,16.8301
17,4219023.148179,4450609.508658,16.8301
18,4219023.148179,4450609.508658,16.8301
24,0.000000,0.000000,0.0000
29,0.000000,0.000000,0.0000
30,524201.950563,552975.914968,2.0911
45,7667984.431039,8088887.693293,30.5884