validatorid,total_sts_amount,total_s_amount,weight
13,0.000000,0.000000,0.0000
14,0.000000,0.000000,0.0000
15,4219023.148179,4476027.298847,20.0397
16,4219023.148179,4476027.298847,20.0397
17,4219023.148179,4476027.298847,20.0397
18,4219023.148179,4476027.298847,20.0397
24,0.000000,0.000000,0.0000
29,0.000000,0.000000,0.0000
30,509217.873607,540237.164688,2.4187
45,3667984.431039,3891421.750593,17.4224