validatorid,total_sts_amount,total_s_amount,weight
13,0.000000,0.000000,0.0000
14,0.000000,0.000000,0.0000
15,5469023.148179,5845706.078525,24.5313
16,5469023.148179,5845706.078525,24.5313
17,5469023.148179,5845706.078525,24.5313
18,5469023.148179,5845706.078525,24.5313
24,0.000000,0.000000,0.0000
29,0.000000,0.000000,0.0000
30,418006.878782,446797.405306,1.8750
45,0.031039,0.033177,0.0000