validatorid,total_sts_amount,total_s_amount,weight
13,0.000000,0.000000,0.0000
14,0.000000,0.000000,0.0000
15,4219023.148179,4474945.045533,20.0515
16,4219023.148179,4474945.045533,20.0515
17,4219023.148179,4474945.045533,20.0515
18,4219023.148179,4474945.045533,20.0515
24,0.000000,0.000000,0.0000
29,0.000000,0.000000,0.0000
30,496852.912749,526991.533863,2.3614
45,3667984.431039,3890480.848358,17.4326