validatorid,total_sts_amount,total_s_amount,weight
13,0.000000,0.000000,0.0000
14,0.000000,0.000000,0.0000
15,4965496.237860,5170629.386068,17.7219
16,4965496.237860,5170629.386068,17.7219
17,4965496.237860,5170629.386068,17.7219
18,4965496.237860,5170629.386068,17.7219
24,0.000000,0.000000,0.0000
29,3.359450,3.498234,0.0000
30,488992.470599,509193.586488,1.7452
45,7667984.431039,7984761.991911,27.3671