validatorid,total_sts_amount,total_s_amount,weight
13,5352916.110519,5526538.803596,8.4558
14,5352916.110519,5526538.803596,8.4558
15,10979446.311089,11335566.414162,17.3438
16,10979446.311089,11335566.414162,17.3438
17,10979446.311089,11335566.414162,17.3438
18,10979446.311089,11335566.414162,17.3438
24,0.000000,0.000000,0.0000
29,3.359450,3.468414,0.0000
30,1019431.924433,1052497.362500,1.6104
45,7661748.747558,7910258.797737,12.1030