validatorid,total_sts_amount,total_s_amount,weight
13,0.000000,0.000000,0.0000
14,0.000000,0.000000,0.0000
15,5427218.977051,5819203.382818,24.3517
16,5427218.977051,5819203.382818,24.3517
17,5427218.977051,5819203.382818,24.3517
18,5427218.977051,5819203.382818,24.3517
24,0.000000,0.000000,0.0000
29,0.000000,0.000000,0.0000
30,577925.412989,619666.450258,2.5931
45,0.031039,0.033281,0.0000