validatorid,total_sts_amount,total_s_amount,weight
13,0.000000,0.000000,0.0000
14,0.000000,0.000000,0.0000
15,4965496.237860,5176531.037478,17.7114
16,4965496.237860,5176531.037478,17.7114
17,4965496.237860,5176531.037478,17.7114
18,4965496.237860,5176531.037478,17.7114
24,0.000000,0.000000,0.0000
29,3.359450,3.502227,0.0000
30,505590.781266,527078.512623,1.8034
45,7667984.431039,7993875.637147,27.3509