validatorid,total_sts_amount,total_s_amount,weight
13,0.000000,0.000000,0.0000
14,0.000000,0.000000,0.0000
15,4219023.148179,4477654.420371,20.0464
16,4219023.148179,4477654.420371,20.0464
17,4219023.148179,4477654.420371,20.0464
18,4219023.148179,4477654.420371,20.0464
24,0.000000,0.000000,0.0000
29,0.000000,0.000000,0.0000
30,502248.478086,533036.923250,2.3864
45,3667984.431039,3892836.356820,17.4281