validatorid,total_sts_amount,total_s_amount,weight
13,0.000000,0.000000,0.0000
14,0.000000,0.000000,0.0000
15,5427218.977051,5813473.991954,24.3967
16,5427218.977051,5813473.991954,24.3967
17,5427218.977051,5813473.991954,24.3967
18,5427218.977051,5813473.991954,24.3967
24,0.000000,0.000000,0.0000
29,0.000000,0.000000,0.0000
30,536802.856806,575007.100330,2.4131
45,0.031039,0.033249,0.0000