validatorid,total_sts_amount,total_s_amount,weight
13,0.000000,0.000000,0.0000
14,0.000000,0.000000,0.0000
15,4219023.148179,4426220.517809,16.9197
16,4219023.148179,4426220.517809,16.9197
17,4219023.148179,4426220.517809,16.9197
18,4219023.148179,4426220.517809,16.9197
24,0.000000,0.000000,0.0000
29,0.000000,0.000000,0.0000
30,391563.154722,410792.927315,1.5703
45,7667984.431039,8044561.223504,30.7511