validatorid,total_sts_amount,total_s_amount,weight
13,0.000000,0.000000,0.0000
14,0.000000,0.000000,0.0000
15,6387359.136968,6648961.837218,18.4700
16,6387359.136968,6648961.837218,18.4700
17,6387359.136968,6648961.837218,18.4700
18,6387359.136968,6648961.837218,18.4700
24,0.000000,0.000000,0.0000
29,3.359450,3.497040,0.0000
30,1364858.473677,1420758.048840,3.9467
45,7667984.431039,7982036.825718,22.1732