validatorid,total_sts_amount,total_s_amount,weight
13,0.000000,0.000000,0.0000
14,0.000000,0.000000,0.0000
15,4965496.237862,5170040.834838,17.7218
16,4965496.237862,5170040.834838,17.7218
17,4965496.237862,5170040.834838,17.7218
18,4965496.237862,5170040.834838,17.7218
24,0.000000,0.000000,0.0000
29,3.359450,3.497836,0.0000
30,489197.520083,509349.123225,1.7459
45,7667984.431039,7983853.119672,27.3669