validatorid,total_sts_amount,total_s_amount,weight
13,0.000000,0.000000,0.0000
14,0.000000,0.000000,0.0000
15,4219023.148179,4430446.236729,16.9269
16,4219023.148179,4430446.236729,16.9269
17,4219023.148179,4430446.236729,16.9269
18,4219023.148179,4430446.236729,16.9269
24,0.000000,0.000000,0.0000
29,0.000000,0.000000,0.0000
30,380914.995918,400003.354072,1.5282
45,7667984.431039,8052241.377356,30.7642