validatorid,total_sts_amount,total_s_amount,weight
13,0.000000,0.000000,0.0000
14,0.000000,0.000000,0.0000
15,4965496.237860,5174736.923307,17.7125
16,4965496.237860,5174736.923307,17.7125
17,4965496.237860,5174736.923307,17.7125
18,4965496.237860,5174736.923307,17.7125
24,0.000000,0.000000,0.0000
29,3.359450,3.501013,0.0000
30,503867.444877,525099.878554,1.7974
45,7667984.431039,7991105.070244,27.3526