validatorid,total_sts_amount,total_s_amount,weight
13,0.000000,0.000000,0.0000
14,0.000000,0.000000,0.0000
15,6414749.324669,6670884.862903,18.4903
16,6414749.324669,6670884.862903,18.4903
17,6414749.324669,6670884.862903,18.4903
18,6414749.324669,6670884.862903,18.4903
24,0.000000,0.000000,0.0000
29,3.359450,3.493590,0.0000
30,1365546.638496,1420071.765750,3.9361
45,7667984.431039,7974160.591635,22.1027