validatorid,total_sts_amount,total_s_amount,weight
13,0.000000,0.000000,0.0000
14,0.000000,0.000000,0.0000
15,4219023.148179,4487945.040217,24.4440
16,4219023.148179,4487945.040217,24.4440
17,4219023.148179,4487945.040217,24.4440
18,4219023.148179,4487945.040217,24.4440
24,0.000000,0.000000,0.0000
29,0.000000,0.000000,0.0000
30,383876.915187,408345.353192,2.2241
45,0.031039,0.033018,0.0000