validatorid,total_sts_amount,total_s_amount,weight
13,0.000000,0.000000,0.0000
14,0.000000,0.000000,0.0000
15,4219023.148179,4441086.498664,16.8196
16,4219023.148179,4441086.498664,16.8196
17,4219023.148179,4441086.498664,16.8196
18,4219023.148179,4441086.498664,16.8196
24,0.000000,0.000000,0.0000
29,0.000000,0.000000,0.0000
30,539887.783644,568304.145895,2.1523
45,7667984.431039,8071579.826092,30.5693