validatorid,total_sts_amount,total_s_amount,weight
13,5352916.110519,5534925.846535,8.4524
14,5352916.110519,5534925.846535,8.4524
15,10983383.346156,11356840.105448,17.3431
16,10983383.346156,11356840.105448,17.3431
17,10983383.346156,11356840.105448,17.3431
18,10983383.346156,11356840.105448,17.3431
24,0.000000,0.000000,0.0000
29,3.359450,3.473678,0.0000
30,1026002.809922,1060888.934930,1.6201
45,7664668.823764,7925282.724759,12.1027