validatorid,total_sts_amount,total_s_amount,weight
13,0.000000,0.000000,0.0000
14,0.000000,0.000000,0.0000
15,5469023.148179,5847797.893496,24.5131
16,5469023.148179,5847797.893496,24.5131
17,5469023.148179,5847797.893496,24.5131
18,5469023.148179,5847797.893496,24.5131
24,0.000000,0.000000,0.0000
29,0.000000,0.000000,0.0000
30,434507.850924,464601.086245,1.9475
45,0.031039,0.033189,0.0000