validatorid,total_sts_amount,total_s_amount,weight
13,0.000000,0.000000,0.0000
14,0.000000,0.000000,0.0000
15,4219023.148179,4445353.246920,16.8185
16,4219023.148179,4445353.246920,16.8185
17,4219023.148179,4445353.246920,16.8185
18,4219023.148179,4445353.246920,16.8185
24,0.000000,0.000000,0.0000
29,0.000000,0.000000,0.0000
30,541484.575211,570532.592505,2.1586
45,7667984.431039,8079334.549886,30.5673