validatorid,total_sts_amount,total_s_amount,weight
13,0.000000,0.000000,0.0000
14,0.000000,0.000000,0.0000
15,6411508.633124,6668963.038753,18.4922
16,6411508.633124,6668963.038753,18.4922
17,6411508.633124,6668963.038753,18.4922
18,6411508.633124,6668963.038753,18.4922
24,0.000000,0.000000,0.0000
29,3.359450,3.494348,0.0000
30,1357452.107769,1411960.655690,3.9152
45,7667984.431039,7975892.676513,22.1161