validatorid,total_sts_amount,total_s_amount,weight
13,5352916.110519,5522035.946290,8.4524
14,5352916.110519,5522035.946290,8.4524
15,10986114.830878,11333209.740941,17.3474
16,10986114.830878,11333209.740941,17.3474
17,10986114.830878,11333209.740941,17.3474
18,10986114.830878,11333209.740941,17.3474
24,0.000000,0.000000,0.0000
29,3.359450,3.465588,0.0000
30,1018812.245334,1051000.562142,1.6087
45,7660859.371832,7902896.282569,12.0967