validatorid,total_sts_amount,total_s_amount,weight
13,0.000000,0.000000,0.0000
14,0.000000,0.000000,0.0000
15,5469023.148179,5840081.797630,24.5647
16,5469023.148179,5840081.797630,24.5647
17,5469023.148179,5840081.797630,24.5647
18,5469023.148179,5840081.797630,24.5647
24,0.000000,0.000000,0.0000
29,0.000000,0.000000,0.0000
30,387699.061716,414003.410105,1.7414
45,0.031039,0.033145,0.0000