validatorid,total_sts_amount,total_s_amount,weight
13,0.000000,0.000000,0.0000
14,0.000000,0.000000,0.0000
15,4219023.148179,4449709.613826,16.8208
16,4219023.148179,4449709.613826,16.8208
17,4219023.148179,4449709.613826,16.8208
18,4219023.148179,4449709.613826,16.8208
24,0.000000,0.000000,0.0000
29,0.000000,0.000000,0.0000
30,538127.140930,567550.693219,2.1455
45,7667984.431039,8087252.153661,30.5714