validatorid,total_sts_amount,total_s_amount,weight
13,0.000000,0.000000,0.0000
14,0.000000,0.000000,0.0000
15,4965496.237860,5171799.620624,17.7275
16,4965496.237860,5171799.620624,17.7275
17,4965496.237860,5171799.620624,17.7275
18,4965496.237860,5171799.620624,17.7275
24,0.000000,0.000000,0.0000
29,3.359450,3.499026,0.0000
30,480102.877251,500049.896221,1.7140
45,7667984.431039,7986569.130599,27.3758