validatorid,total_sts_amount,total_s_amount,weight
13,0.000000,0.000000,0.0000
14,0.000000,0.000000,0.0000
15,4219023.148179,4467932.435102,20.0234
16,4219023.148179,4467932.435102,20.0234
17,4219023.148179,4467932.435102,20.0234
18,4219023.148179,4467932.435102,20.0234
24,0.000000,0.000000,0.0000
29,0.000000,0.000000,0.0000
30,526354.572513,557407.860611,2.4981
45,3667984.431039,3884384.141851,17.4082