validatorid,total_sts_amount,total_s_amount,weight
13,0.000000,0.000000,0.0000
14,0.000000,0.000000,0.0000
15,4965496.237860,5175933.961148,17.7098
16,4965496.237860,5175933.961148,17.7098
17,4965496.237860,5175933.961148,17.7098
18,4965496.237860,5175933.961148,17.7098
24,0.000000,0.000000,0.0000
29,3.359450,3.501823,0.0000
30,508142.593216,529677.675572,1.8123
45,7667984.431039,7992953.599996,27.3484