validatorid,total_sts_amount,total_s_amount,weight
13,0.000000,0.000000,0.0000
14,0.000000,0.000000,0.0000
15,4219023.148179,4494957.800042,24.4431
16,4219023.148179,4494957.800042,24.4431
17,4219023.148179,4494957.800042,24.4431
18,4219023.148179,4494957.800042,24.4431
24,0.000000,0.000000,0.0000
29,0.000000,0.000000,0.0000
30,384468.207307,409613.388362,2.2274
45,0.031039,0.033070,0.0000