validatorid,total_sts_amount,total_s_amount,weight
13,0.000000,0.000000,0.0000
14,0.000000,0.000000,0.0000
15,6402694.073119,6661240.862568,18.4837
16,6402694.073119,6661240.862568,18.4837
17,6402694.073119,6661240.862568,18.4837
18,6402694.073119,6661240.862568,18.4837
24,0.000000,0.000000,0.0000
29,3.359450,3.495107,0.0000
30,1360845.223194,1415797.429153,3.9286
45,7667984.431039,7977624.831400,22.1365