validatorid,total_sts_amount,total_s_amount,weight
13,0.000000,0.000000,0.0000
14,0.000000,0.000000,0.0000
15,11351324.884604,11784152.611211,20.8921
16,11351324.884604,11784152.611211,20.8921
17,11351324.884604,11784152.611211,20.8921
18,11351324.884604,11784152.611211,20.8921
24,0.000000,0.000000,0.0000
29,3.359450,3.487546,0.0000
30,1259739.074556,1307773.115102,2.3186
45,7667984.431039,7960365.831685,14.1129