validatorid,total_sts_amount,total_s_amount,weight
13,5352916.110519,5529780.831290,8.3871
14,5352916.110519,5529780.831290,8.3871
15,11091076.263348,11457534.482730,17.3779
16,11091076.263348,11457534.482730,17.3779
17,11091076.263348,11457534.482730,17.3779
18,11091076.263348,11457534.482730,17.3779
24,0.000000,0.000000,0.0000
29,3.359450,3.470449,0.0000
30,1091088.590597,1127139.048876,1.7096
45,7661748.747558,7914899.184605,12.0047