validatorid,total_sts_amount,total_s_amount,weight
13,0.000000,0.000000,0.0000
14,0.000000,0.000000,0.0000
15,5469023.148179,5832320.853699,24.5445
16,5469023.148179,5832320.853699,24.5445
17,5469023.148179,5832320.853699,24.5445
18,5469023.148179,5832320.853699,24.5445
24,0.000000,0.000000,0.0000
29,0.000000,0.000000,0.0000
30,405943.830619,432909.973975,1.8218
45,0.031039,0.033101,0.0000