validatorid,total_sts_amount,total_s_amount,weight
13,0.000000,0.000000,0.0000
14,0.000000,0.000000,0.0000
15,4219023.148179,4415725.280008,16.8438
16,4219023.148179,4415725.280008,16.8438
17,4219023.148179,4415725.280008,16.8438
18,4219023.148179,4415725.280008,16.8438
24,0.000000,0.000000,0.0000
29,3.359450,3.516076,0.0000
30,503810.685174,527299.685431,2.0114
45,7667984.431039,8025486.353034,30.6133