validatorid,total_sts_amount,total_s_amount,weight
13,0.000000,0.000000,0.0000
14,0.000000,0.000000,0.0000
15,5469023.148179,5844315.089698,24.5453
16,5469023.148179,5844315.089698,24.5453
17,5469023.148179,5844315.089698,24.5453
18,5469023.148179,5844315.089698,24.5453
24,0.000000,0.000000,0.0000
29,0.000000,0.000000,0.0000
30,405281.318993,433092.284305,1.8189
45,0.031039,0.033169,0.0000