validatorid,total_sts_amount,total_s_amount,weight
13,5352916.110519,5521900.287430,8.4526
14,5352916.110519,5521900.287430,8.4526
15,10986111.149093,11332927.522011,17.3478
16,10986111.149093,11332927.522011,17.3478
17,10986111.149093,11332927.522011,17.3478
18,10986111.149093,11332927.522011,17.3478
24,0.000000,0.000000,0.0000
29,3.359450,3.465503,0.0000
30,1017278.042274,1049392.106667,1.6064
45,7660859.371832,7902702.133544,12.0970