validatorid,total_sts_amount,total_s_amount,weight
13,0.000000,0.000000,0.0000
14,0.000000,0.000000,0.0000
15,4219023.148179,4457388.543219,17.6308
16,4219023.148179,4457388.543219,17.6308
17,4219023.148179,4457388.543219,17.6308
18,4219023.148179,4457388.543219,17.6308
24,0.000000,0.000000,0.0000
29,0.000000,0.000000,0.0000
30,385733.670123,407526.761896,1.6119
45,6667984.431039,7044710.674818,27.8648