validatorid,total_sts_amount,total_s_amount,weight
13,0.000000,0.000000,0.0000
14,0.000000,0.000000,0.0000
15,5469023.148179,5852678.213048,24.4172
16,5469023.148179,5852678.213048,24.4172
17,5469023.148179,5852678.213048,24.4172
18,5469023.148179,5852678.213048,24.4172
24,0.000000,0.000000,0.0000
29,0.000000,0.000000,0.0000
30,522184.582843,558816.126462,2.3314
45,0.031039,0.033217,0.0000