validatorid,total_sts_amount,total_s_amount,weight
13,0.000000,0.000000,0.0000
14,0.000000,0.000000,0.0000
15,5469023.148179,5851971.523417,24.4273
16,5469023.148179,5851971.523417,24.4273
17,5469023.148179,5851971.523417,24.4273
18,5469023.148179,5851971.523417,24.4273
24,0.000000,0.000000,0.0000
29,0.000000,0.000000,0.0000
30,512843.998470,548754.026759,2.2906
45,0.031039,0.033213,0.0000