validatorid,total_sts_amount,total_s_amount,weight
13,0.000000,0.000000,0.0000
14,0.000000,0.000000,0.0000
15,4219023.148179,4442696.808274,16.8367
16,4219023.148179,4442696.808274,16.8367
17,4219023.148179,4442696.808274,16.8367
18,4219023.148179,4442696.808274,16.8367
24,0.000000,0.000000,0.0000
29,0.000000,0.000000,0.0000
30,514354.341578,541623.098853,2.0526
45,7667984.431039,8074506.529402,30.6004