validatorid,total_sts_amount,total_s_amount,weight
13,0.000000,0.000000,0.0000
14,0.000000,0.000000,0.0000
15,5469023.148179,5840784.501695,24.5166
16,5469023.148179,5840784.501695,24.5166
17,5469023.148179,5840784.501695,24.5166
18,5469023.148179,5840784.501695,24.5166
24,0.000000,0.000000,0.0000
29,0.000000,0.000000,0.0000
30,431299.950083,460617.919467,1.9334
45,0.031039,0.033149,0.0000