validatorid,total_sts_amount,total_s_amount,weight
13,0.000000,0.000000,0.0000
14,0.000000,0.000000,0.0000
15,4219023.148179,4493860.485451,24.4387
16,4219023.148179,4493860.485451,24.4387
17,4219023.148179,4493860.485451,24.4387
18,4219023.148179,4493860.485451,24.4387
24,0.000000,0.000000,0.0000
29,0.000000,0.000000,0.0000
30,387572.576393,412819.988211,2.2450
45,0.031039,0.033061,0.0000