validatorid,total_sts_amount,total_s_amount,weight
13,0.000000,0.000000,0.0000
14,0.000000,0.000000,0.0000
15,6405039.423595,6662961.929061,18.4873
16,6405039.423595,6662961.929061,18.4873
17,6405039.423595,6662961.929061,18.4873
18,6405039.423595,6662961.929061,18.4873
24,0.000000,0.000000,0.0000
29,3.359450,3.494730,0.0000
30,1357481.138872,1412145.117234,3.9182
45,7667984.431039,7976764.069311,22.1326