validatorid,total_sts_amount,total_s_amount,weight
13,0.000000,0.000000,0.0000
14,0.000000,0.000000,0.0000
15,5469023.148179,5830914.596754,24.5253
16,5469023.148179,5830914.596754,24.5253
17,5469023.148179,5830914.596754,24.5253
18,5469023.148179,5830914.596754,24.5253
24,0.000000,0.000000,0.0000
29,0.000000,0.000000,0.0000
30,423426.349577,451444.950132,1.8988
45,0.031039,0.033093,0.0000