validatorid,total_sts_amount,total_s_amount,weight
13,0.000000,0.000000,0.0000
14,0.000000,0.000000,0.0000
15,4219023.148179,4413660.517542,16.8543
16,4219023.148179,4413660.517542,16.8543
17,4219023.148179,4413660.517542,16.8543
18,4219023.148179,4413660.517542,16.8543
24,0.000000,0.000000,0.0000
29,3.359450,3.514432,0.0000
30,488242.159104,510766.370544,1.9504
45,7667984.431039,8021733.691367,30.6323