validatorid,total_sts_amount,total_s_amount,weight
13,5352916.110519,5539353.284482,8.4679
14,5352916.110519,5539353.284482,8.4679
15,10959162.931165,11340860.556104,17.3365
16,10959162.931165,11340860.556104,17.3365
17,10959162.931165,11340860.556104,17.3365
18,10959162.931165,11340860.556104,17.3365
24,0.000000,0.000000,0.0000
29,3.359450,3.476456,0.0000
30,1007310.959772,1042394.679517,1.5935
45,7664668.823764,7931622.231096,12.1249