validatorid,total_sts_amount,total_s_amount,weight
13,0.000000,0.000000,0.0000
14,0.000000,0.000000,0.0000
15,4219023.148179,4447455.265924,16.8239
16,4219023.148179,4447455.265924,16.8239
17,4219023.148179,4447455.265924,16.8239
18,4219023.148179,4447455.265924,16.8239
24,0.000000,0.000000,0.0000
29,0.000000,0.000000,0.0000
30,533552.685651,562441.024404,2.1276
45,7667984.431039,8083154.924516,30.5770