validatorid,total_sts_amount,total_s_amount,weight
13,0.000000,0.000000,0.0000
14,0.000000,0.000000,0.0000
15,11346354.665188,11780254.835784,20.8892
16,11346354.665188,11780254.835784,20.8892
17,11346354.665188,11780254.835784,20.8892
18,11346354.665188,11780254.835784,20.8892
24,0.000000,0.000000,0.0000
29,3.359450,3.487920,0.0000
30,1263527.480459,1311846.504983,2.3262
45,7667984.431039,7961218.676834,14.1171