validatorid,total_sts_amount,total_s_amount,weight
13,0.000000,0.000000,0.0000
14,0.000000,0.000000,0.0000
15,4219023.148179,4466348.349472,20.0211
16,4219023.148179,4466348.349472,20.0211
17,4219023.148179,4466348.349472,20.0211
18,4219023.148179,4466348.349472,20.0211
24,0.000000,0.000000,0.0000
29,0.000000,0.000000,0.0000
30,528764.569712,559761.508826,2.5092
45,3667984.431039,3883006.950681,17.4062