validatorid,total_sts_amount,total_s_amount,weight
13,0.000000,0.000000,0.0000
14,0.000000,0.000000,0.0000
15,5427218.977051,5810725.686721,24.4643
16,5427218.977051,5810725.686721,24.4643
17,5427218.977051,5810725.686721,24.4643
18,5427218.977051,5810725.686721,24.4643
24,0.000000,0.000000,0.0000
29,0.000000,0.000000,0.0000
30,475381.898769,508974.084492,2.1429
45,0.031039,0.033233,0.0000