validatorid,total_sts_amount,total_s_amount,weight
13,5352916.110519,5542467.448703,8.4363
14,5352916.110519,5542467.448703,8.4363
15,11009863.384889,11399732.064826,17.3518
16,11009863.384889,11399732.064826,17.3518
17,11009863.384889,11399732.064826,17.3518
18,11009863.384889,11399732.064826,17.3518
24,0.000000,0.000000,0.0000
29,3.359450,3.478411,0.0000
30,1040785.126683,1077640.218272,1.6403
45,7664668.823764,7936081.302922,12.0797