validatorid,total_sts_amount,total_s_amount,weight
13,0.000000,0.000000,0.0000
14,0.000000,0.000000,0.0000
15,5427218.977051,5828636.578985,24.3965
16,5427218.977051,5828636.578985,24.3965
17,5427218.977051,5828636.578985,24.3965
18,5427218.977051,5828636.578985,24.3965
24,0.000000,0.000000,0.0000
29,0.000000,0.000000,0.0000
30,536976.247143,576693.037332,2.4138
45,0.031039,0.033335,0.0000