validatorid,total_sts_amount,total_s_amount,weight
13,5352916.110519,5554068.278049,8.2094
14,5352916.110519,5554068.278049,8.2094
15,11387333.436110,11815247.260232,17.4639
16,11387333.436110,11815247.260232,17.4639
17,11387333.436110,11815247.260232,17.4639
18,11387333.436110,11815247.260232,17.4639
24,0.000000,0.000000,0.0000
29,3.359450,3.485691,0.0000
30,1281680.315433,1329843.366788,1.9656
45,7667984.431039,7956132.359578,11.7598