validatorid,total_sts_amount,total_s_amount,weight
13,0.000000,0.000000,0.0000
14,0.000000,0.000000,0.0000
15,4219023.148179,4454816.226576,17.5704
16,4219023.148179,4454816.226576,17.5704
17,4219023.148179,4454816.226576,17.5704
18,4219023.148179,4454816.226576,17.5704
24,0.000000,0.000000,0.0000
29,0.000000,0.000000,0.0000
30,468080.595457,494240.718467,1.9493
45,6667984.431039,7040645.239117,27.7692