validatorid,total_sts_amount,total_s_amount,weight
13,5352916.110519,5549962.663729,8.1987
14,5352916.110519,5549962.663729,8.1987
15,11402194.492802,11821921.437414,17.4640
16,11402194.492802,11821921.437414,17.4640
17,11402194.492802,11821921.437414,17.4640
18,11402194.492802,11821921.437414,17.4640
24,0.000000,0.000000,0.0000
29,3.359450,3.483114,0.0000
30,1307203.866567,1355323.435589,2.0022
45,7667984.431039,7950251.119141,11.7445