validatorid,total_sts_amount,total_s_amount,weight
13,0.000000,0.000000,0.0000
14,0.000000,0.000000,0.0000
15,4219023.148179,4455344.205915,17.5743
16,4219023.148179,4455344.205915,17.5743
17,4219023.148179,4455344.205915,17.5743
18,4219023.148179,4455344.205915,17.5743
24,0.000000,0.000000,0.0000
29,0.000000,0.000000,0.0000
30,462709.668002,488627.524891,1.9274
45,6667984.431039,7041479.687729,27.7754