validatorid,total_sts_amount,total_s_amount,weight
13,0.000000,0.000000,0.0000
14,0.000000,0.000000,0.0000
15,11324529.689207,11760224.036477,20.8626
16,11324529.689207,11760224.036477,20.8626
17,11324529.689207,11760224.036477,20.8626
18,11324529.689207,11760224.036477,20.8626
24,0.000000,0.000000,0.0000
29,3.359450,3.488699,0.0000
30,1315303.658414,1365908.000019,2.4231
45,7667984.431039,7962998.666796,14.1264