validatorid,total_sts_amount,total_s_amount,weight
13,0.000000,0.000000,0.0000
14,0.000000,0.000000,0.0000
15,11349906.270905,11789115.287149,20.8702
16,11349906.270905,11789115.287149,20.8702
17,11349906.270905,11789115.287149,20.8702
18,11349906.270905,11789115.287149,20.8702
24,0.000000,0.000000,0.0000
29,3.359450,3.489451,0.0000
30,1315690.417840,1366603.886226,2.4193
45,7667984.431039,7964713.568544,14.0999