validatorid,total_sts_amount,total_s_amount,weight
13,0.000000,0.000000,0.0000
14,0.000000,0.000000,0.0000
15,4219023.148179,4455872.461601,17.5825
16,4219023.148179,4455872.461601,17.5825
17,4219023.148179,4455872.461601,17.5825
18,4219023.148179,4455872.461601,17.5825
24,0.000000,0.000000,0.0000
29,0.000000,0.000000,0.0000
30,451554.064578,476903.598442,1.8818
45,6667984.431039,7042314.573096,27.7883