validatorid,total_sts_amount,total_s_amount,weight
13,0.000000,0.000000,0.0000
14,0.000000,0.000000,0.0000
15,4219023.148179,4449029.196511,16.8195
16,4219023.148179,4449029.196511,16.8195
17,4219023.148179,4449029.196511,16.8195
18,4219023.148179,4449029.196511,16.8195
24,0.000000,0.000000,0.0000
29,0.000000,0.000000,0.0000
30,540067.681738,569510.239635,2.1530
45,7667984.431039,8086015.509730,30.5690