validatorid,total_sts_amount,total_s_amount,weight
13,0.000000,0.000000,0.0000
14,0.000000,0.000000,0.0000
15,4219023.148179,4439479.617613,16.8169
16,4219023.148179,4439479.617613,16.8169
17,4219023.148179,4439479.617613,16.8169
18,4219023.148179,4439479.617613,16.8169
24,0.000000,0.000000,0.0000
29,0.000000,0.000000,0.0000
30,543978.535890,572403.027356,2.1683
45,7667984.431039,8068659.354112,30.5643