validatorid,total_sts_amount,total_s_amount,weight
13,0.000000,0.000000,0.0000
14,0.000000,0.000000,0.0000
15,4219023.148179,4485249.820846,24.4120
16,4219023.148179,4485249.820846,24.4120
17,4219023.148179,4485249.820846,24.4120
18,4219023.148179,4485249.820846,24.4120
24,0.000000,0.000000,0.0000
29,0.000000,0.000000,0.0000
30,406467.675583,432116.394022,2.3519
45,0.031039,0.032998,0.0000