validatorid,total_sts_amount,total_s_amount,weight
13,0.000000,0.000000,0.0000
14,0.000000,0.000000,0.0000
15,4219023.148179,4485789.616241,24.4378
16,4219023.148179,4485789.616241,24.4378
17,4219023.148179,4485789.616241,24.4378
18,4219023.148179,4485789.616241,24.4378
24,0.000000,0.000000,0.0000
29,0.000000,0.000000,0.0000
30,388253.862707,412802.936753,2.2489
45,0.031039,0.033002,0.0000