validatorid,total_sts_amount,total_s_amount,weight
13,0.000000,0.000000,0.0000
14,0.000000,0.000000,0.0000
15,5469023.148179,5844980.459541,24.5395
16,5469023.148179,5844980.459541,24.5395
17,5469023.148179,5844980.459541,24.5395
18,5469023.148179,5844980.459541,24.5395
24,0.000000,0.000000,0.0000
29,0.000000,0.000000,0.0000
30,410560.106921,438783.259350,1.8422
45,0.031039,0.033173,0.0000