validatorid,total_sts_amount,total_s_amount,weight
13,0.000000,0.000000,0.0000
14,0.000000,0.000000,0.0000
15,4219023.148179,4495497.911967,24.4418
16,4219023.148179,4495497.911967,24.4418
17,4219023.148179,4495497.911967,24.4418
18,4219023.148179,4495497.911967,24.4418
24,0.000000,0.000000,0.0000
29,0.000000,0.000000,0.0000
30,385414.225068,410670.618099,2.2328
45,0.031039,0.033074,0.0000