validatorid,total_sts_amount,total_s_amount,weight
13,0.000000,0.000000,0.0000
14,0.000000,0.000000,0.0000
15,4219023.148179,4480915.452065,24.2949
16,4219023.148179,4480915.452065,24.2949
17,4219023.148179,4480915.452065,24.2949
18,4219023.148179,4480915.452065,24.2949
24,0.000000,0.000000,0.0000
29,0.000000,0.000000,0.0000
30,489768.085907,520170.026802,2.8203
45,0.031039,0.032966,0.0000