validatorid,total_sts_amount,total_s_amount,weight
13,5352916.110519,5537463.799927,8.4641
14,5352916.110519,5537463.799927,8.4641
15,10965436.633579,11343482.160969,17.3387
16,10965436.633579,11343482.160969,17.3387
17,10965436.633579,11343482.160969,17.3387
18,10965436.633579,11343482.160969,17.3387
24,0.000000,0.000000,0.0000
29,3.359450,3.475270,0.0000
30,1010409.280276,1045244.255117,1.5977
45,7664668.823764,7928916.738788,12.1195