validatorid,total_sts_amount,total_s_amount,weight
13,0.000000,0.000000,0.0000
14,0.000000,0.000000,0.0000
15,4219023.148179,4471696.463104,20.0281
16,4219023.148179,4471696.463104,20.0281
17,4219023.148179,4471696.463104,20.0281
18,4219023.148179,4471696.463104,20.0281
24,0.000000,0.000000,0.0000
29,0.000000,0.000000,0.0000
30,521461.168677,552690.985975,2.4754
45,3667984.431039,3887656.557200,17.4123