validatorid,total_sts_amount,total_s_amount,weight
13,0.000000,0.000000,0.0000
14,0.000000,0.000000,0.0000
15,4219023.148179,4453767.128350,17.5651
16,4219023.148179,4453767.128350,17.5651
17,4219023.148179,4453767.128350,17.5651
18,4219023.148179,4453767.128350,17.5651
24,0.000000,0.000000,0.0000
29,0.000000,0.000000,0.0000
30,475215.535610,501656.250048,1.9785
45,6667984.431039,7038987.184540,27.7610