validatorid,total_sts_amount,total_s_amount,weight
13,0.000000,0.000000,0.0000
14,0.000000,0.000000,0.0000
15,5469023.148179,5850599.098408,24.5180
16,5469023.148179,5850599.098408,24.5180
17,5469023.148179,5850599.098408,24.5180
18,5469023.148179,5850599.098408,24.5180
24,0.000000,0.000000,0.0000
29,0.000000,0.000000,0.0000
30,430022.516714,460025.361096,1.9278
45,0.031039,0.033205,0.0000