validatorid,total_sts_amount,total_s_amount,weight
13,0.000000,0.000000,0.0000
14,0.000000,0.000000,0.0000
15,5427218.977051,5817717.056342,24.3466
16,5427218.977051,5817717.056342,24.3466
17,5427218.977051,5817717.056342,24.3466
18,5427218.977051,5817717.056342,24.3466
24,0.000000,0.000000,0.0000
29,0.000000,0.000000,0.0000
30,582568.055712,624484.865735,2.6134
45,0.031039,0.033273,0.0000