validatorid,total_sts_amount,total_s_amount,weight
13,0.000000,0.000000,0.0000
14,0.000000,0.000000,0.0000
15,4219023.148179,4420431.282758,16.8561
16,4219023.148179,4420431.282758,16.8561
17,4219023.148179,4420431.282758,16.8561
18,4219023.148179,4420431.282758,16.8561
24,0.000000,0.000000,0.0000
29,3.359450,3.519823,0.0000
30,485570.740519,508750.963433,1.9400
45,7667984.431039,8034039.412486,30.6356