validatorid,total_sts_amount,total_s_amount,weight
13,5352916.110519,5521900.287430,8.4525
14,5352916.110519,5521900.287430,8.4525
15,10986112.514138,11332928.930148,17.3476
16,10986112.514138,11332928.930148,17.3476
17,10986112.514138,11332928.930148,17.3476
18,10986112.514138,11332928.930148,17.3476
24,0.000000,0.000000,0.0000
29,3.359450,3.465503,0.0000
30,1018239.198205,1050383.604965,1.6078
45,7660859.371832,7902702.133544,12.0968