validatorid,total_sts_amount,total_s_amount,weight
13,0.000000,0.000000,0.0000
14,0.000000,0.000000,0.0000
15,4965496.237860,5173554.129638,17.7041
16,4965496.237860,5173554.129638,17.7041
17,4965496.237860,5173554.129638,17.7041
18,4965496.237860,5173554.129638,17.7041
24,0.000000,0.000000,0.0000
29,3.359450,3.500213,0.0000
30,517247.509438,538920.555028,1.8442
45,7667984.431039,7989278.537103,27.3396