validatorid,total_sts_amount,total_s_amount,weight
13,0.000000,0.000000,0.0000
14,0.000000,0.000000,0.0000
15,4965496.237860,5189221.446444,17.7432
16,4965496.237860,5189221.446444,17.7432
17,4965496.237860,5189221.446444,17.7432
18,4965496.237860,5189221.446444,17.7432
24,0.000000,0.000000,0.0000
29,3.359450,3.510813,0.0000
30,455372.240324,475889.474568,1.6272
45,7667984.431039,8013472.844297,27.4000