validatorid,total_sts_amount,total_s_amount,weight
13,0.000000,0.000000,0.0000
14,0.000000,0.000000,0.0000
15,4219023.148179,4423056.953509,16.8755
16,4219023.148179,4423056.953509,16.8755
17,4219023.148179,4423056.953509,16.8755
18,4219023.148179,4423056.953509,16.8755
24,0.000000,0.000000,0.0000
29,0.000000,0.000000,0.0000
30,456846.043681,478939.318230,1.8273
45,7667984.431039,8038811.512979,30.6708