validatorid,total_sts_amount,total_s_amount,weight
13,0.000000,0.000000,0.0000
14,0.000000,0.000000,0.0000
15,4219023.148179,4497115.185304,24.3987
16,4219023.148179,4497115.185304,24.3987
17,4219023.148179,4497115.185304,24.3987
18,4219023.148179,4497115.185304,24.3987
24,0.000000,0.000000,0.0000
29,0.000000,0.000000,0.0000
30,415912.123537,443326.490710,2.4052
45,0.031039,0.033085,0.0000