validatorid,total_sts_amount,total_s_amount,weight
13,0.000000,0.000000,0.0000
14,0.000000,0.000000,0.0000
15,4219023.148179,4444830.043055,16.8193
16,4219023.148179,4444830.043055,16.8193
17,4219023.148179,4444830.043055,16.8193
18,4219023.148179,4444830.043055,16.8193
24,0.000000,0.000000,0.0000
29,0.000000,0.000000,0.0000
30,540336.328807,569255.740792,2.1541
45,7667984.431039,8078383.638039,30.5687