validatorid,total_sts_amount,total_s_amount,weight
13,0.000000,0.000000,0.0000
14,0.000000,0.000000,0.0000
15,4219023.148179,4431501.640465,16.9347
16,4219023.148179,4431501.640465,16.9347
17,4219023.148179,4431501.640465,16.9347
18,4219023.148179,4431501.640465,16.9347
24,0.000000,0.000000,0.0000
29,0.000000,0.000000,0.0000
30,369383.090923,387985.966395,1.4827
45,7667984.431039,8054159.551098,30.7785