validatorid,total_sts_amount,total_s_amount,weight
13,0.000000,0.000000,0.0000
14,0.000000,0.000000,0.0000
15,6424110.639614,6686475.208896,18.4846
16,6424110.639614,6686475.208896,18.4846
17,6424110.639614,6686475.208896,18.4846
18,6424110.639614,6686475.208896,18.4846
24,0.000000,0.000000,0.0000
29,3.359450,3.496652,0.0000
30,1389427.213189,1446172.262081,3.9979
45,7667984.431039,7981149.559314,22.0637