validatorid,total_sts_amount,total_s_amount,weight
13,5352916.110519,5541855.857648,8.4364
14,5352916.110519,5541855.857648,8.4364
15,11009736.308621,11398342.584370,17.3517
16,11009736.308621,11398342.584370,17.3517
17,11009736.308621,11398342.584370,17.3517
18,11009736.308621,11398342.584370,17.3517
24,0.000000,0.000000,0.0000
29,3.359450,3.478027,0.0000
30,1041061.860891,1077807.806592,1.6407
45,7664668.823764,7935205.585315,12.0798