validatorid,total_sts_amount,total_s_amount,weight
13,0.000000,0.000000,0.0000
14,0.000000,0.000000,0.0000
15,6412366.507827,6669130.413711,18.4900
16,6412366.507827,6669130.413711,18.4900
17,6412366.507827,6669130.413711,18.4900
18,6412366.507827,6669130.413711,18.4900
24,0.000000,0.000000,0.0000
29,3.359450,3.493969,0.0000
30,1362694.180447,1417259.165132,3.9293
45,7667984.431039,7975025.775350,22.1106