validatorid,total_sts_amount,total_s_amount,weight
13,0.000000,0.000000,0.0000
14,0.000000,0.000000,0.0000
15,5427218.977051,5820645.230792,24.3576
16,5427218.977051,5820645.230792,24.3576
17,5427218.977051,5820645.230792,24.3576
18,5427218.977051,5820645.230792,24.3576
24,0.000000,0.000000,0.0000
29,0.000000,0.000000,0.0000
30,572582.720229,614089.995968,2.5698
45,0.031039,0.033290,0.0000