validatorid,total_sts_amount,total_s_amount,weight
13,0.000000,0.000000,0.0000
14,0.000000,0.000000,0.0000
15,4965496.237860,5180175.723504,17.7247
16,4965496.237860,5180175.723504,17.7247
17,4965496.237860,5180175.723504,17.7247
18,4965496.237860,5180175.723504,17.7247
24,0.000000,0.000000,0.0000
29,3.359450,3.504693,0.0000
30,484631.242254,505583.908580,1.7299
45,7667984.431039,7999503.955921,27.3714