validatorid,total_sts_amount,total_s_amount,weight
13,0.000000,0.000000,0.0000
14,0.000000,0.000000,0.0000
15,4219023.148179,4419379.139593,16.8572
16,4219023.148179,4419379.139593,16.8572
17,4219023.148179,4419379.139593,16.8572
18,4219023.148179,4419379.139593,16.8572
24,0.000000,0.000000,0.0000
29,3.359450,3.518986,0.0000
30,483910.295970,506890.574509,1.9335
45,7667984.431039,8032127.164764,30.6376