validatorid,total_sts_amount,total_s_amount,weight
13,0.000000,0.000000,0.0000
14,0.000000,0.000000,0.0000
15,4219023.148179,4418328.736131,16.8499
16,4219023.148179,4418328.736131,16.8499
17,4219023.148179,4418328.736131,16.8499
18,4219023.148179,4418328.736131,16.8499
24,0.000000,0.000000,0.0000
29,3.359450,3.518149,0.0000
30,494804.447115,518178.884228,1.9761
45,7667984.431039,8030218.078915,30.6243