validatorid,total_sts_amount,total_s_amount,weight
13,0.000000,0.000000,0.0000
14,0.000000,0.000000,0.0000
15,4219023.148179,4444298.191673,16.8306
16,4219023.148179,4444298.191673,16.8306
17,4219023.148179,4444298.191673,16.8306
18,4219023.148179,4444298.191673,16.8306
24,0.000000,0.000000,0.0000
29,0.000000,0.000000,0.0000
30,523455.459856,551405.401666,2.0882
45,7667984.431039,8077417.009516,30.5893