validatorid,total_sts_amount,total_s_amount,weight
13,0.000000,0.000000,0.0000
14,0.000000,0.000000,0.0000
15,4219023.148179,4478628.101415,24.2614
16,4219023.148179,4478628.101415,24.2614
17,4219023.148179,4478628.101415,24.2614
18,4219023.148179,4478628.101415,24.2614
24,0.000000,0.000000,0.0000
29,0.000000,0.000000,0.0000
30,513789.719881,545404.231467,2.9545
45,0.031039,0.032949,0.0000