validatorid,total_sts_amount,total_s_amount,weight
13,0.000000,0.000000,0.0000
14,0.000000,0.000000,0.0000
15,4965496.237860,5192147.395424,17.7321
16,4965496.237860,5192147.395424,17.7321
17,4965496.237860,5192147.395424,17.7321
18,4965496.237860,5192147.395424,17.7321
24,0.000000,0.000000,0.0000
29,3.359450,3.512792,0.0000
30,472953.026471,494541.070402,1.6889
45,7667984.431039,8017991.250947,27.3828