validatorid,total_sts_amount,total_s_amount,weight
13,0.000000,0.000000,0.0000
14,0.000000,0.000000,0.0000
15,4219023.148179,4435200.081451,16.8911
16,4219023.148179,4435200.081451,16.8911
17,4219023.148179,4435200.081451,16.8911
18,4219023.148179,4435200.081451,16.8911
24,0.000000,0.000000,0.0000
29,0.000000,0.000000,0.0000
30,433683.351532,455904.688949,1.7363
45,7667984.431039,8060881.388572,30.6992