validatorid,total_sts_amount,total_s_amount,weight
13,0.000000,0.000000,0.0000
14,0.000000,0.000000,0.0000
15,5469023.148179,5835855.096535,24.5627
16,5469023.148179,5835855.096535,24.5627
17,5469023.148179,5835855.096535,24.5627
18,5469023.148179,5835855.096535,24.5627
24,0.000000,0.000000,0.0000
29,0.000000,0.000000,0.0000
30,389452.465744,415574.791967,1.7491
45,0.031039,0.033121,0.0000