validatorid,total_sts_amount,total_s_amount,weight
13,0.000000,0.000000,0.0000
14,0.000000,0.000000,0.0000
15,4219023.148179,4416771.264508,16.8541
16,4219023.148179,4416771.264508,16.8541
17,4219023.148179,4416771.264508,16.8541
18,4219023.148179,4416771.264508,16.8541
24,0.000000,0.000000,0.0000
29,3.359450,3.516909,0.0000
30,488505.377696,511401.914374,1.9515
45,7667984.431039,8027387.407516,30.6320