validatorid,total_sts_amount,total_s_amount,weight
13,0.000000,0.000000,0.0000
14,0.000000,0.000000,0.0000
15,5427218.977051,5816313.021454,24.3617
16,5427218.977051,5816313.021454,24.3617
17,5427218.977051,5816313.021454,24.3617
18,5427218.977051,5816313.021454,24.3617
24,0.000000,0.000000,0.0000
29,0.000000,0.000000,0.0000
30,568778.945701,609556.460168,2.5531
45,0.031039,0.033265,0.0000