validatorid,total_sts_amount,total_s_amount,weight
13,0.000000,0.000000,0.0000
14,0.000000,0.000000,0.0000
15,4219023.148179,4469013.526244,20.0179
16,4219023.148179,4469013.526244,20.0179
17,4219023.148179,4469013.526244,20.0179
18,4219023.148179,4469013.526244,20.0179
24,0.000000,0.000000,0.0000
29,0.000000,0.000000,0.0000
30,532164.734892,563697.167542,2.5250
45,3667984.431039,3885324.033702,17.4034