validatorid,total_sts_amount,total_s_amount,weight
13,5352916.110519,5552311.310965,8.1997
14,5352916.110519,5552311.310965,8.1997
15,11401346.198862,11826044.375283,17.4648
16,11401346.198862,11826044.375283,17.4648
17,11401346.198862,11826044.375283,17.4648
18,11401346.198862,11826044.375283,17.4648
24,0.000000,0.000000,0.0000
29,3.359450,3.484588,0.0000
30,1302721.935168,1351248.102219,1.9955
45,7667984.431039,7953615.526516,11.7460