validatorid,total_sts_amount,total_s_amount,weight
13,0.000000,0.000000,0.0000
14,0.000000,0.000000,0.0000
15,5469023.148179,5834445.856202,24.5720
16,5469023.148179,5834445.856202,24.5720
17,5469023.148179,5834445.856202,24.5720
18,5469023.148179,5834445.856202,24.5720
24,0.000000,0.000000,0.0000
29,0.000000,0.000000,0.0000
30,381020.422612,406478.993708,1.7119
45,0.031039,0.033113,0.0000