validatorid,total_sts_amount,total_s_amount,weight
13,0.000000,0.000000,0.0000
14,0.000000,0.000000,0.0000
15,4219023.148179,4440012.757316,16.8104
16,4219023.148179,4440012.757316,16.8104
17,4219023.148179,4440012.757316,16.8104
18,4219023.148179,4440012.757316,16.8104
24,0.000000,0.000000,0.0000
29,0.000000,0.000000,0.0000
30,553653.547938,582653.550275,2.2060
45,7667984.431039,8069628.324132,30.5525