validatorid,total_sts_amount,total_s_amount,weight
13,5352916.110519,5552897.230474,8.2104
14,5352916.110519,5552897.230474,8.2104
15,11385426.579317,11810777.978719,17.4632
16,11385426.579317,11810777.978719,17.4632
17,11385426.579317,11810777.978719,17.4632
18,11385426.579317,11810777.978719,17.4632
24,0.000000,0.000000,0.0000
29,3.359450,3.484956,0.0000
30,1281119.242285,1328980.941512,1.9650
45,7667984.431039,7954454.848780,11.7613