validatorid,total_sts_amount,total_s_amount,weight
13,0.000000,0.000000,0.0000
14,0.000000,0.000000,0.0000
15,4219023.148179,4464739.077277,20.0315
16,4219023.148179,4464739.077277,20.0315
17,4219023.148179,4464739.077277,20.0315
18,4219023.148179,4464739.077277,20.0315
24,0.000000,0.000000,0.0000
29,0.000000,0.000000,0.0000
30,517819.724427,547977.547749,2.4586
45,3667984.431039,3881607.862515,17.4153