validatorid,total_sts_amount,total_s_amount,weight
13,0.000000,0.000000,0.0000
14,0.000000,0.000000,0.0000
15,5427218.977051,5812787.248945,24.3968
16,5427218.977051,5812787.248945,24.3968
17,5427218.977051,5812787.248945,24.3968
18,5427218.977051,5812787.248945,24.3968
24,0.000000,0.000000,0.0000
29,0.000000,0.000000,0.0000
30,536779.531313,574914.192389,2.4130
45,0.031039,0.033245,0.0000