validatorid,total_sts_amount,total_s_amount,weight
13,5352916.110519,5549411.421835,8.2091
14,5352916.110519,5549411.421835,8.2091
15,11383681.368487,11801554.536726,17.4577
16,11383681.368487,11801554.536726,17.4577
17,11383681.368487,11801554.536726,17.4577
18,11383681.368487,11801554.536726,17.4577
24,0.000000,0.000000,0.0000
29,3.359450,3.482769,0.0000
30,1298769.789573,1346445.144251,1.9918
45,7667984.431039,7949461.472120,11.7594