validatorid,total_sts_amount,total_s_amount,weight
13,0.000000,0.000000,0.0000
14,0.000000,0.000000,0.0000
15,5469023.148179,5837290.115365,24.5639
16,5469023.148179,5837290.115365,24.5639
17,5469023.148179,5837290.115365,24.5639
18,5469023.148179,5837290.115365,24.5639
24,0.000000,0.000000,0.0000
29,0.000000,0.000000,0.0000
30,388391.694684,414544.780456,1.7444
45,0.031039,0.033130,0.0000