validatorid,total_sts_amount,total_s_amount,weight
13,5352916.110519,5548277.392252,8.2540
14,5352916.110519,5548277.392252,8.2540
15,11310349.561018,11723134.731094,17.4401
16,11310349.561018,11723134.731094,17.4401
17,11310349.561018,11723134.731094,17.4401
18,11310349.561018,11723134.731094,17.4401
24,0.000000,0.000000,0.0000
29,3.359450,3.482057,0.0000
30,1237155.291516,1282306.801172,1.9076
45,7667984.431039,7947836.989126,11.8238