validatorid,total_sts_amount,total_s_amount,weight
13,0.000000,0.000000,0.0000
14,0.000000,0.000000,0.0000
15,4219023.148179,4412632.389779,16.8606
16,4219023.148179,4412632.389779,16.8606
17,4219023.148179,4412632.389779,16.8606
18,4219023.148179,4412632.389779,16.8606
24,0.000000,0.000000,0.0000
29,3.359450,3.513613,0.0000
30,478868.048618,500843.106935,1.9137
45,7667984.431039,8019865.091124,30.6438