validatorid,total_sts_amount,total_s_amount,weight
13,0.000000,0.000000,0.0000
14,0.000000,0.000000,0.0000
15,4219023.148179,4423584.410136,16.8814
16,4219023.148179,4423584.410136,16.8814
17,4219023.148179,4423584.410136,16.8814
18,4219023.148179,4423584.410136,16.8814
24,0.000000,0.000000,0.0000
29,0.000000,0.000000,0.0000
30,448058.963225,469783.306450,1.7928
45,7667984.431039,8039770.154129,30.6816