validatorid,total_sts_amount,total_s_amount,weight
13,0.000000,0.000000,0.0000
14,0.000000,0.000000,0.0000
15,4219023.148179,4420958.158865,16.8598
16,4219023.148179,4420958.158865,16.8598
17,4219023.148179,4420958.158865,16.8598
18,4219023.148179,4420958.158865,16.8598
24,0.000000,0.000000,0.0000
29,0.000000,0.000000,0.0000
30,480021.417916,502996.672318,1.9182
45,7667984.431039,8034996.998555,30.6424