validatorid,total_sts_amount,total_s_amount,weight
13,0.000000,0.000000,0.0000
14,0.000000,0.000000,0.0000
15,4219023.148179,4429921.412612,16.9358
16,4219023.148179,4429921.412612,16.9358
17,4219023.148179,4429921.412612,16.9358
18,4219023.148179,4429921.412612,16.9358
24,0.000000,0.000000,0.0000
29,0.000000,0.000000,0.0000
30,367837.698658,386224.972089,1.4766
45,7667984.431039,8051287.520737,30.7804