validatorid,total_sts_amount,total_s_amount,weight
13,5352916.110519,5522681.265987,8.4530
14,5352916.110519,5522681.265987,8.4530
15,10986103.679995,11334522.665220,17.3487
16,10986103.679995,11334522.665220,17.3487
17,10986103.679995,11334522.665220,17.3487
18,10986103.679995,11334522.665220,17.3487
24,0.000000,0.000000,0.0000
29,3.359450,3.465993,0.0000
30,1014237.191186,1046403.235056,1.6016
45,7660859.371832,7903819.835890,12.0976