validatorid,total_sts_amount,total_s_amount,weight
13,5352916.110519,5551150.162801,8.2005
14,5352916.110519,5551150.162801,8.2005
15,11399997.102234,11822172.151293,17.4644
16,11399997.102234,11822172.151293,17.4644
17,11399997.102234,11822172.151293,17.4644
18,11399997.102234,11822172.151293,17.4644
24,0.000000,0.000000,0.0000
29,3.359450,3.483860,0.0000
30,1301947.425739,1350162.325568,1.9945
45,7667984.431039,7951952.196499,11.7471