validatorid,total_sts_amount,total_s_amount,weight
13,0.000000,0.000000,0.0000
14,0.000000,0.000000,0.0000
15,4219023.148179,4465279.685835,20.0240
16,4219023.148179,4465279.685835,20.0240
17,4219023.148179,4465279.685835,20.0240
18,4219023.148179,4465279.685835,20.0240
24,0.000000,0.000000,0.0000
29,0.000000,0.000000,0.0000
30,525729.455947,556415.306918,2.4952
45,3667984.431039,3882077.863201,17.4087