validatorid,total_sts_amount,total_s_amount,weight
13,0.000000,0.000000,0.0000
14,0.000000,0.000000,0.0000
15,4219023.148179,4459505.399357,18.2814
16,4219023.148179,4459505.399357,18.2814
17,4219023.148179,4459505.399357,18.2814
18,4219023.148179,4459505.399357,18.2814
24,0.000000,0.000000,0.0000
29,0.000000,0.000000,0.0000
30,534201.379013,564650.595738,2.3147
45,5667984.431039,5991056.765023,24.5598