validatorid,total_sts_amount,total_s_amount,weight
13,0.000000,0.000000,0.0000
14,0.000000,0.000000,0.0000
15,4219023.148179,4451660.878482,17.5429
16,4219023.148179,4451660.878482,17.5429
17,4219023.148179,4451660.878482,17.5429
18,4219023.148179,4451660.878482,17.5429
24,0.000000,0.000000,0.0000
29,0.000000,0.000000,0.0000
30,505666.914892,533549.483733,2.1026
45,6667984.431039,7035658.347310,27.7258