validatorid,total_sts_amount,total_s_amount,weight
13,0.000000,0.000000,0.0000
14,0.000000,0.000000,0.0000
15,4219023.148179,4438417.344203,16.8093
16,4219023.148179,4438417.344203,16.8093
17,4219023.148179,4438417.344203,16.8093
18,4219023.148179,4438417.344203,16.8093
24,0.000000,0.000000,0.0000
29,0.000000,0.000000,0.0000
30,555195.396862,584066.214454,2.2120
45,7667984.431039,8066728.694885,30.5506