validatorid,total_sts_amount,total_s_amount,weight
13,5352916.110519,5528489.362027,8.3878
14,5352916.110519,5528489.362027,8.3878
15,11089786.043654,11453526.060124,17.3773
16,11089786.043654,11453526.060124,17.3773
17,11089786.043654,11453526.060124,17.3773
18,11089786.043654,11453526.060124,17.3773
24,0.000000,0.000000,0.0000
29,3.359450,3.469638,0.0000
30,1090886.214157,1126666.793507,1.7094
45,7661748.747558,7913050.675716,12.0057