validatorid,total_sts_amount,total_s_amount,weight
13,0.000000,0.000000,0.0000
14,0.000000,0.000000,0.0000
15,4219023.148179,4490649.069062,24.4196
16,4219023.148179,4490649.069062,24.4196
17,4219023.148179,4490649.069062,24.4196
18,4219023.148179,4490649.069062,24.4196
24,0.000000,0.000000,0.0000
29,0.000000,0.000000,0.0000
30,401078.367933,426900.288603,2.3214
45,0.031039,0.033038,0.0000