validatorid,total_sts_amount,total_s_amount,weight
13,5352916.110519,5533645.914480,8.4525
14,5352916.110519,5533645.914480,8.4525
15,10984906.631566,11355788.592176,17.3458
16,10984906.631566,11355788.592176,17.3458
17,10984906.631566,11355788.592176,17.3458
18,10984906.631566,11355788.592176,17.3458
24,0.000000,0.000000,0.0000
29,3.359450,3.472874,0.0000
30,1021828.605723,1056328.470802,1.6135
45,7661748.747558,7920431.364762,12.0983