validatorid,total_sts_amount,total_s_amount,weight
13,0.000000,0.000000,0.0000
14,0.000000,0.000000,0.0000
15,4965496.237860,5182581.070247,17.7301
16,4965496.237860,5182581.070247,17.7301
17,4965496.237860,5182581.070247,17.7301
18,4965496.237860,5182581.070247,17.7301
24,0.000000,0.000000,0.0000
29,3.359450,3.506320,0.0000
30,475989.796410,496799.431584,1.6996
45,7667984.431039,8003218.420799,27.3798