validatorid,total_sts_amount,total_s_amount,weight
13,0.000000,0.000000,0.0000
14,0.000000,0.000000,0.0000
15,4219023.148179,4448502.879443,16.8203
16,4219023.148179,4448502.879443,16.8203
17,4219023.148179,4448502.879443,16.8203
18,4219023.148179,4448502.879443,16.8203
24,0.000000,0.000000,0.0000
29,0.000000,0.000000,0.0000
30,538816.856544,568124.007298,2.1481
45,7667984.431039,8085058.939703,30.5706