validatorid,total_sts_amount,total_s_amount,weight
13,0.000000,0.000000,0.0000
14,0.000000,0.000000,0.0000
15,4219023.148179,4445879.653853,16.8179
16,4219023.148179,4445879.653853,16.8179
17,4219023.148179,4445879.653853,16.8179
18,4219023.148179,4445879.653853,16.8179
24,0.000000,0.000000,0.0000
29,0.000000,0.000000,0.0000
30,542369.991270,571533.178264,2.1620
45,7667984.431039,8080291.283239,30.5662