validatorid,total_sts_amount,total_s_amount,weight
13,0.000000,0.000000,0.0000
14,0.000000,0.000000,0.0000
15,4219023.148179,4461015.225080,18.2849
16,4219023.148179,4461015.225080,18.2849
17,4219023.148179,4461015.225080,18.2849
18,4219023.148179,4461015.225080,18.2849
24,0.000000,0.000000,0.0000
29,0.000000,0.000000,0.0000
30,529785.269354,560172.359716,2.2960
45,5667984.431039,5993085.118127,24.5645