validatorid,total_sts_amount,total_s_amount,weight
13,0.000000,0.000000,0.0000
14,0.000000,0.000000,0.0000
15,4219023.148179,4427807.020298,16.9300
16,4219023.148179,4427807.020298,16.9300
17,4219023.148179,4427807.020298,16.9300
18,4219023.148179,4427807.020298,16.9300
24,0.000000,0.000000,0.0000
29,0.000000,0.000000,0.0000
30,376258.852451,394878.513300,1.5098
45,7667984.431039,8047444.657881,30.7700