validatorid,total_sts_amount,total_s_amount,weight
13,0.000000,0.000000,0.0000
14,0.000000,0.000000,0.0000
15,4965496.237860,5172391.282532,17.7212
16,4965496.237860,5172391.282532,17.7212
17,4965496.237860,5172391.282532,17.7212
18,4965496.237860,5172391.282532,17.7212
24,0.000000,0.000000,0.0000
29,3.359450,3.499426,0.0000
30,490136.683518,510558.982957,1.7492
45,7667984.431039,7987482.806510,27.3660