validatorid,total_sts_amount,total_s_amount,weight
13,0.000000,0.000000,0.0000
14,0.000000,0.000000,0.0000
15,4219023.148179,4412118.794566,16.8622
16,4219023.148179,4412118.794566,16.8622
17,4219023.148179,4412118.794566,16.8622
18,4219023.148179,4412118.794566,16.8622
24,0.000000,0.000000,0.0000
29,3.359450,3.513204,0.0000
30,476487.173265,498294.969877,1.9044
45,7667984.431039,8018931.642798,30.6467