validatorid,total_sts_amount,total_s_amount,weight
13,5352916.110519,5534284.262566,8.4533
14,5352916.110519,5534284.262566,8.4533
15,10983650.674663,11355800.057253,17.3452
16,10983650.674663,11355800.057253,17.3452
17,10983650.674663,11355800.057253,17.3452
18,10983650.674663,11355800.057253,17.3452
24,0.000000,0.000000,0.0000
29,3.359450,3.473275,0.0000
30,1021511.173087,1056122.138388,1.6132
45,7661748.747558,7921345.046678,12.0993