validatorid,total_sts_amount,total_s_amount,weight
13,0.000000,0.000000,0.0000
14,0.000000,0.000000,0.0000
15,4219023.148179,4473315.680193,20.0392
16,4219023.148179,4473315.680193,20.0392
17,4219023.148179,4473315.680193,20.0392
18,4219023.148179,4473315.680193,20.0392
24,0.000000,0.000000,0.0000
29,0.000000,0.000000,0.0000
30,509819.426298,540547.694011,2.4215
45,3667984.431039,3889064.291376,17.4219