validatorid,total_sts_amount,total_s_amount,weight
13,0.000000,0.000000,0.0000
14,0.000000,0.000000,0.0000
15,4219023.148179,4472236.164985,20.0249
16,4219023.148179,4472236.164985,20.0249
17,4219023.148179,4472236.164985,20.0249
18,4219023.148179,4472236.164985,20.0249
24,0.000000,0.000000,0.0000
29,0.000000,0.000000,0.0000
30,524776.149172,556271.627441,2.4908
45,3667984.431039,3888125.769629,17.4095