validatorid,total_sts_amount,total_s_amount,weight
13,0.000000,0.000000,0.0000
14,0.000000,0.000000,0.0000
15,6385326.794290,6635284.618629,18.4798
16,6385326.794290,6635284.618629,18.4798
17,6385326.794290,6635284.618629,18.4798
18,6385326.794290,6635284.618629,18.4798
24,0.000000,0.000000,0.0000
29,3.359450,3.490957,0.0000
30,1343771.809475,1396374.642302,3.8890
45,7667984.431039,7968152.733648,22.1919