validatorid,total_sts_amount,total_s_amount,weight
13,0.000000,0.000000,0.0000
14,0.000000,0.000000,0.0000
15,4219023.148179,4494422.181372,24.4433
16,4219023.148179,4494422.181372,24.4433
17,4219023.148179,4494422.181372,24.4433
18,4219023.148179,4494422.181372,24.4433
24,0.000000,0.000000,0.0000
29,0.000000,0.000000,0.0000
30,384376.774581,409467.177829,2.2269
45,0.031039,0.033066,0.0000