validatorid,total_sts_amount,total_s_amount,weight
13,0.000000,0.000000,0.0000
14,0.000000,0.000000,0.0000
15,5469023.148179,5849866.556951,24.5270
16,5469023.148179,5849866.556951,24.5270
17,5469023.148179,5849866.556951,24.5270
18,5469023.148179,5849866.556951,24.5270
24,0.000000,0.000000,0.0000
29,0.000000,0.000000,0.0000
30,421917.796795,451298.658349,1.8922
45,0.031039,0.033201,0.0000