validatorid,total_sts_amount,total_s_amount,weight
13,0.000000,0.000000,0.0000
14,0.000000,0.000000,0.0000
15,4219023.148179,4418853.377351,16.8618
16,4219023.148179,4418853.377351,16.8618
17,4219023.148179,4418853.377351,16.8618
18,4219023.148179,4418853.377351,16.8618
24,0.000000,0.000000,0.0000
29,3.359450,3.518567,0.0000
30,477122.949213,499721.447713,1.9069
45,7667984.431039,8031171.603123,30.6459