validatorid,total_sts_amount,total_s_amount,weight
13,0.000000,0.000000,0.0000
14,0.000000,0.000000,0.0000
15,5427218.977051,5821383.787117,24.3584
16,5427218.977051,5821383.787117,24.3584
17,5427218.977051,5821383.787117,24.3584
18,5427218.977051,5821383.787117,24.3584
24,0.000000,0.000000,0.0000
29,0.000000,0.000000,0.0000
30,571766.283915,613292.183211,2.5662
45,0.031039,0.033294,0.0000