validatorid,total_sts_amount,total_s_amount,weight
13,5352916.110519,5541237.380626,8.4311
14,5352916.110519,5541237.380626,8.4311
15,11018030.283003,11405656.282389,17.3540
16,11018030.283003,11405656.282389,17.3540
17,11018030.283003,11405656.282389,17.3540
18,11018030.283003,11405656.282389,17.3540
24,0.000000,0.000000,0.0000
29,3.359450,3.477639,0.0000
30,1047229.678594,1084072.330168,1.6494
45,7664668.823764,7934320.007911,12.0723