validatorid,total_sts_amount,total_s_amount,weight
13,0.000000,0.000000,0.0000
14,0.000000,0.000000,0.0000
15,4965496.237860,5174156.845492,17.7109
16,4965496.237860,5174156.845492,17.7109
17,4965496.237860,5174156.845492,17.7109
18,4965496.237860,5174156.845492,17.7109
24,0.000000,0.000000,0.0000
29,3.359450,3.500621,0.0000
30,506387.804629,527667.286467,1.8062
45,7667984.431039,7990209.283107,27.3501