validatorid,total_sts_amount,total_s_amount,weight
13,0.000000,0.000000,0.0000
14,0.000000,0.000000,0.0000
15,4219023.148179,4438953.335683,16.8130
16,4219023.148179,4438953.335683,16.8130
17,4219023.148179,4438953.335683,16.8130
18,4219023.148179,4438953.335683,16.8130
24,0.000000,0.000000,0.0000
29,0.000000,0.000000,0.0000
30,549808.722794,578469.275545,2.1910
45,7667984.431039,8067702.847949,30.5572