validatorid,total_sts_amount,total_s_amount,weight
13,0.000000,0.000000,0.0000
14,0.000000,0.000000,0.0000
15,4219023.148179,4474401.785459,20.0615
16,4219023.148179,4474401.785459,20.0615
17,4219023.148179,4474401.785459,20.0615
18,4219023.148179,4474401.785459,20.0615
24,0.000000,0.000000,0.0000
29,0.000000,0.000000,0.0000
30,486404.520847,515846.720935,2.3129
45,3667984.431039,3890008.542466,17.4413