validatorid,total_sts_amount,total_s_amount,weight
13,0.000000,0.000000,0.0000
14,0.000000,0.000000,0.0000
15,4219023.148179,4491725.089452,24.4116
16,4219023.148179,4491725.089452,24.4116
17,4219023.148179,4491725.089452,24.4116
18,4219023.148179,4491725.089452,24.4116
24,0.000000,0.000000,0.0000
29,0.000000,0.000000,0.0000
30,406795.282397,433089.014220,2.3537
45,0.031039,0.033046,0.0000