validatorid,total_sts_amount,total_s_amount,weight
13,0.000000,0.000000,0.0000
14,0.000000,0.000000,0.0000
15,4219023.148179,4425179.617957,16.8804
16,4219023.148179,4425179.617957,16.8804
17,4219023.148179,4425179.617957,16.8804
18,4219023.148179,4425179.617957,16.8804
24,0.000000,0.000000,0.0000
29,0.000000,0.000000,0.0000
30,449498.778398,471462.886693,1.7985
45,7667984.431039,8042669.410261,30.6798