validatorid,total_sts_amount,total_s_amount,weight
13,5352916.110519,5525238.375205,8.4652
14,5352916.110519,5525238.375205,8.4652
15,10967369.701661,11320433.703715,17.3441
16,10967369.701661,11320433.703715,17.3441
17,10967369.701661,11320433.703715,17.3441
18,10967369.701661,11320433.703715,17.3441
24,0.000000,0.000000,0.0000
29,3.359450,3.467598,0.0000
30,997891.342650,1030015.682454,1.5781
45,7660859.371832,7907479.458741,12.1151