validatorid,total_sts_amount,total_s_amount,weight
13,0.000000,0.000000,0.0000
14,0.000000,0.000000,0.0000
15,4219023.148179,4477112.171101,20.0481
16,4219023.148179,4477112.171101,20.0481
17,4219023.148179,4477112.171101,20.0481
18,4219023.148179,4477112.171101,20.0481
24,0.000000,0.000000,0.0000
29,0.000000,0.000000,0.0000
30,500465.138533,531079.940602,2.3781
45,3667984.431039,3892364.929712,17.4296