validatorid,total_sts_amount,total_s_amount,weight
13,0.000000,0.000000,0.0000
14,0.000000,0.000000,0.0000
15,5427218.977051,5808645.941006,24.3736
16,5427218.977051,5808645.941006,24.3736
17,5427218.977051,5808645.941006,24.3736
18,5427218.977051,5808645.941006,24.3736
24,0.000000,0.000000,0.0000
29,0.000000,0.000000,0.0000
30,557952.692332,597165.814626,2.5058
45,0.031039,0.033221,0.0000