validatorid,total_sts_amount,total_s_amount,weight
13,0.000000,0.000000,0.0000
14,0.000000,0.000000,0.0000
15,4965496.238131,5169453.204761,17.7219
16,4965496.238131,5169453.204761,17.7219
17,4965496.238131,5169453.204761,17.7219
18,4965496.238131,5169453.204761,17.7219
24,0.000000,0.000000,0.0000
29,3.359450,3.497438,0.0000
30,489060.285266,509148.358541,1.7455
45,7667984.431039,7982945.669498,27.3671