validatorid,total_sts_amount,total_s_amount,weight
13,5352916.110519,5525587.227234,8.4621
14,5352916.110519,5525587.227234,8.4621
15,10969673.309890,11323526.368915,17.3413
16,10969673.309890,11323526.368915,17.3413
17,10969673.309890,11323526.368915,17.3413
18,10969673.309890,11323526.368915,17.3413
24,0.000000,0.000000,0.0000
29,3.359450,3.467817,0.0000
30,1012108.604744,1044756.589396,1.6000
45,7660859.371832,7907978.720503,12.1106