validatorid,total_sts_amount,total_s_amount,weight
13,0.000000,0.000000,0.0000
14,0.000000,0.000000,0.0000
15,6429112.150434,6681498.990125,18.4966
16,6429112.150434,6681498.990125,18.4966
17,6429112.150434,6681498.990125,18.4966
18,6429112.150434,6681498.990125,18.4966
24,0.000000,0.000000,0.0000
29,3.359450,3.491331,0.0000
30,1373848.797485,1427781.805355,3.9526
45,7667984.431039,7969005.522609,22.0609