validatorid,total_sts_amount,total_s_amount,weight
13,0.000000,0.000000,0.0000
14,0.000000,0.000000,0.0000
15,4219023.148179,4486865.387178,24.4373
16,4219023.148179,4486865.387178,24.4373
17,4219023.148179,4486865.387178,24.4373
18,4219023.148179,4486865.387178,24.4373
24,0.000000,0.000000,0.0000
29,0.000000,0.000000,0.0000
30,388625.620608,413297.292864,2.2510
45,0.031039,0.033010,0.0000