validatorid,total_sts_amount,total_s_amount,weight
13,0.000000,0.000000,0.0000
14,0.000000,0.000000,0.0000
15,4219023.148179,4457915.945957,17.5484
16,4219023.148179,4457915.945957,17.5484
17,4219023.148179,4457915.945957,17.5484
18,4219023.148179,4457915.945957,17.5484
24,0.000000,0.000000,0.0000
29,0.000000,0.000000,0.0000
30,498112.069051,526316.556584,2.0718
45,6667984.431039,7045544.212137,27.7345