validatorid,total_sts_amount,total_s_amount,weight
13,0.000000,0.000000,0.0000
14,0.000000,0.000000,0.0000
15,5427218.977051,5819911.550374,24.3509
16,5427218.977051,5819911.550374,24.3509
17,5427218.977051,5819911.550374,24.3509
18,5427218.977051,5819911.550374,24.3509
24,0.000000,0.000000,0.0000
29,0.000000,0.000000,0.0000
30,578697.962895,620570.309153,2.5965
45,0.031039,0.033285,0.0000