validatorid,total_sts_amount,total_s_amount,weight
13,0.000000,0.000000,0.0000
14,0.000000,0.000000,0.0000
15,5469023.148179,5851302.210584,24.5122
16,5469023.148179,5851302.210584,24.5122
17,5469023.148179,5851302.210584,24.5122
18,5469023.148179,5851302.210584,24.5122
24,0.000000,0.000000,0.0000
29,0.000000,0.000000,0.0000
30,435328.534428,465757.548800,1.9511
45,0.031039,0.033209,0.0000