validatorid,total_sts_amount,total_s_amount,weight
13,0.000000,0.000000,0.0000
14,0.000000,0.000000,0.0000
15,5427218.977051,5811415.289736,24.3559
16,5427218.977051,5811415.289736,24.3559
17,5427218.977051,5811415.289736,24.3559
18,5427218.977051,5811415.289736,24.3559
24,0.000000,0.000000,0.0000
29,0.000000,0.000000,0.0000
30,574073.521986,614712.554848,2.5763
45,0.031039,0.033237,0.0000