validatorid,total_sts_amount,total_s_amount,weight
13,0.000000,0.000000,0.0000
14,0.000000,0.000000,0.0000
15,5469023.148179,5849194.325057,24.5236
16,5469023.148179,5849194.325057,24.5236
17,5469023.148179,5849194.325057,24.5236
18,5469023.148179,5849194.325057,24.5236
24,0.000000,0.000000,0.0000
29,0.000000,0.000000,0.0000
30,424961.927936,454502.537272,1.9056
45,0.031039,0.033197,0.0000