validatorid,total_sts_amount,total_s_amount,weight
13,0.000000,0.000000,0.0000
14,0.000000,0.000000,0.0000
15,4219023.148179,4421481.331181,16.8629
16,4219023.148179,4421481.331181,16.8629
17,4219023.148179,4421481.331181,16.8629
18,4219023.148179,4421481.331181,16.8629
24,0.000000,0.000000,0.0000
29,0.000000,0.000000,0.0000
30,475522.821297,498341.725815,1.9006
45,7667984.431039,8035947.853062,30.6479