validatorid,total_sts_amount,total_s_amount,weight
13,0.000000,0.000000,0.0000
14,0.000000,0.000000,0.0000
15,4219023.148179,4433085.184293,16.8846
16,4219023.148179,4433085.184293,16.8846
17,4219023.148179,4433085.184293,16.8846
18,4219023.148179,4433085.184293,16.8846
24,0.000000,0.000000,0.0000
29,0.000000,0.000000,0.0000
30,443352.153618,465846.665116,1.7743
45,7667984.431039,8057037.608173,30.6874