validatorid,total_sts_amount,total_s_amount,weight
13,0.000000,0.000000,0.0000
14,0.000000,0.000000,0.0000
15,4219023.148179,4433613.222050,16.9187
16,4219023.148179,4433613.222050,16.9187
17,4219023.148179,4433613.222050,16.9187
18,4219023.148179,4433613.222050,16.9187
24,0.000000,0.000000,0.0000
29,0.000000,0.000000,0.0000
30,392989.245878,412977.662235,1.5759
45,7667984.431039,8057997.305514,30.7493