validatorid,total_sts_amount,total_s_amount,weight
13,0.000000,0.000000,0.0000
14,0.000000,0.000000,0.0000
15,4965496.237860,5183786.757948,17.7273
16,4965496.237860,5183786.757948,17.7273
17,4965496.237860,5183786.757948,17.7273
18,4965496.237860,5183786.757948,17.7273
24,0.000000,0.000000,0.0000
29,3.359450,3.507136,0.0000
30,480510.452446,501634.398886,1.7155
45,7667984.431039,8005080.308127,27.3754