validatorid,total_sts_amount,total_s_amount,weight
13,5352916.110519,5524596.970227,8.4509
14,5352916.110519,5524596.970227,8.4509
15,10987626.860047,11340026.409477,17.3467
16,10987626.860047,11340026.409477,17.3467
17,10987626.860047,11340026.409477,17.3467
18,10987626.860047,11340026.409477,17.3467
24,0.000000,0.000000,0.0000
29,3.359450,3.467195,0.0000
30,1024245.290437,1057095.293759,1.6170
45,7660859.371832,7906561.507995,12.0945