validatorid,total_sts_amount,total_s_amount,weight
13,0.000000,0.000000,0.0000
14,0.000000,0.000000,0.0000
15,4965496.237860,5171210.773984,17.7220
16,4965496.237860,5171210.773984,17.7220
17,4965496.237860,5171210.773984,17.7220
18,4965496.237860,5171210.773984,17.7220
24,0.000000,0.000000,0.0000
29,3.359450,3.498628,0.0000
30,488929.338228,509185.092576,1.7450
45,7667984.431039,7985659.802175,27.3672