validatorid,total_sts_amount,total_s_amount,weight
13,0.000000,0.000000,0.0000
14,0.000000,0.000000,0.0000
15,4219023.148179,4414689.804200,16.8504
16,4219023.148179,4414689.804200,16.8504
17,4219023.148179,4414689.804200,16.8504
18,4219023.148179,4414689.804200,16.8504
24,0.000000,0.000000,0.0000
29,3.359450,3.515252,0.0000
30,494011.190128,516922.066464,1.9730
45,7667984.431039,8023604.397877,30.6253