validatorid,total_sts_amount,total_s_amount,weight
13,0.000000,0.000000,0.0000
14,0.000000,0.000000,0.0000
15,4965496.237860,5184389.509952,17.7297
16,4965496.237860,5184389.509952,17.7297
17,4965496.237860,5184389.509952,17.7297
18,4965496.237860,5184389.509952,17.7297
24,0.000000,0.000000,0.0000
29,3.359450,3.507544,0.0000
30,476683.664730,497697.243661,1.7020
45,7667984.431039,8006011.109956,27.3791