validatorid,total_sts_amount,total_s_amount,weight
13,5352916.110519,5550567.792393,8.1987
14,5352916.110519,5550567.792393,8.1987
15,11401940.697078,11822947.249185,17.4635
16,11401940.697078,11822947.249185,17.4635
17,11401940.697078,11822947.249185,17.4635
18,11401940.697078,11822947.249185,17.4635
24,0.000000,0.000000,0.0000
29,3.359450,3.483494,0.0000
30,1308499.178872,1356814.351031,2.0041
45,7667984.431039,7951117.958277,11.7445