validatorid,total_sts_amount,total_s_amount,weight
13,5352916.110519,5527191.010015,8.4013
14,5352916.110519,5527191.010015,8.4013
15,11067243.887309,11427560.166574,17.3698
16,11067243.887309,11427560.166574,17.3698
17,11067243.887309,11427560.166574,17.3698
18,11067243.887309,11427560.166574,17.3698
24,0.000000,0.000000,0.0000
29,3.359450,3.468823,0.0000
30,1078800.140047,1113922.638159,1.6932
45,7661748.747558,7911192.315396,12.0250