validatorid,total_sts_amount,total_s_amount,weight
13,0.000000,0.000000,0.0000
14,0.000000,0.000000,0.0000
15,4219023.148179,4487405.286298,24.4053
16,4219023.148179,4487405.286298,24.4053
17,4219023.148179,4487405.286298,24.4053
18,4219023.148179,4487405.286298,24.4053
24,0.000000,0.000000,0.0000
29,0.000000,0.000000,0.0000
30,411239.496076,437399.422523,2.3788
45,0.031039,0.033014,0.0000