validatorid,total_sts_amount,total_s_amount,weight
13,0.000000,0.000000,0.0000
14,0.000000,0.000000,0.0000
15,5427218.977051,5814132.227107,24.3782
16,5427218.977051,5814132.227107,24.3782
17,5427218.977051,5814132.227107,24.3782
18,5427218.977051,5814132.227107,24.3782
24,0.000000,0.000000,0.0000
29,0.000000,0.000000,0.0000
30,553726.945958,593202.834660,2.4873
45,0.031039,0.033252,0.0000