validatorid,total_sts_amount,total_s_amount,weight
13,0.000000,0.000000,0.0000
14,0.000000,0.000000,0.0000
15,4219023.148179,4432030.228357,16.9281
16,4219023.148179,4432030.228357,16.9281
17,4219023.148179,4432030.228357,16.9281
18,4219023.148179,4432030.228357,16.9281
24,0.000000,0.000000,0.0000
29,0.000000,0.000000,0.0000
30,379082.441667,398221.289977,1.5210
45,7667984.431039,8055120.248299,30.7665