validatorid,total_sts_amount,total_s_amount,weight
13,0.000000,0.000000,0.0000
14,0.000000,0.000000,0.0000
15,4219023.148179,4484710.074950,24.3802
16,4219023.148179,4484710.074950,24.3802
17,4219023.148179,4484710.074950,24.3802
18,4219023.148179,4484710.074950,24.3802
24,0.000000,0.000000,0.0000
29,0.000000,0.000000,0.0000
30,428993.391081,456008.634107,2.4790
45,0.031039,0.032994,0.0000