validatorid,total_sts_amount,total_s_amount,weight
13,0.000000,0.000000,0.0000
14,0.000000,0.000000,0.0000
15,4965496.237860,5188575.599177,17.7431
16,4965496.237860,5188575.599177,17.7431
17,4965496.237860,5188575.599177,17.7431
18,4965496.237860,5188575.599177,17.7431
24,0.000000,0.000000,0.0000
29,3.359450,3.510376,0.0000
30,455571.653325,476038.617469,1.6279
45,7667984.431039,8012475.492460,27.3998