validatorid,total_sts_amount,total_s_amount,weight
13,0.000000,0.000000,0.0000
14,0.000000,0.000000,0.0000
15,5427218.977051,5814849.488434,24.3456
16,5427218.977051,5814849.488434,24.3456
17,5427218.977051,5814849.488434,24.3456
18,5427218.977051,5814849.488434,24.3456
24,0.000000,0.000000,0.0000
29,0.000000,0.000000,0.0000
30,583561.387610,625241.334570,2.6178
45,0.031039,0.033256,0.0000