validatorid,total_sts_amount,total_s_amount,weight
13,5352916.110519,5525560.236707,8.4608
14,5352916.110519,5525560.236707,8.4608
15,10971649.308795,11325510.787034,17.3417
16,10971649.308795,11325510.787034,17.3417
17,10971649.308795,11325510.787034,17.3417
18,10971649.308795,11325510.787034,17.3417
24,0.000000,0.000000,0.0000
29,3.359450,3.467800,0.0000
30,1014111.580321,1046819.062379,1.6029
45,7660859.371832,7907940.092843,12.1087