validatorid,total_sts_amount,total_s_amount,weight
13,0.000000,0.000000,0.0000
14,0.000000,0.000000,0.0000
15,4219023.148179,4437326.997308,16.8795
16,4219023.148179,4437326.997308,16.8795
17,4219023.148179,4437326.997308,16.8795
18,4219023.148179,4437326.997308,16.8795
24,0.000000,0.000000,0.0000
29,0.000000,0.000000,0.0000
30,450876.733642,474206.334590,1.8039
45,7667984.431039,8064747.012700,30.6781