validatorid,total_sts_amount,total_s_amount,weight
13,5352916.110519,5527840.691108,8.3995
14,5352916.110519,5527840.691108,8.3995
15,11069934.994687,11431682.441520,17.3703
16,11069934.994687,11431682.441520,17.3703
17,11069934.994687,11431682.441520,17.3703
18,11069934.994687,11431682.441520,17.3703
24,0.000000,0.000000,0.0000
29,3.359450,3.469231,0.0000
30,1081684.314343,1117031.996076,1.6973
45,7661748.747558,7912122.218499,12.0224