validatorid,total_sts_amount,total_s_amount,weight
13,0.000000,0.000000,0.0000
14,0.000000,0.000000,0.0000
15,4219023.148179,4480376.279220,24.2879
16,4219023.148179,4480376.279220,24.2879
17,4219023.148179,4480376.279220,24.2879
18,4219023.148179,4480376.279220,24.2879
24,0.000000,0.000000,0.0000
29,0.000000,0.000000,0.0000
30,494792.597982,525443.198881,2.8484
45,0.031039,0.032962,0.0000