validatorid,total_sts_amount,total_s_amount,weight
13,5352916.110519,5530429.837077,8.3865
14,5352916.110519,5530429.837077,8.3865
15,11091015.699805,11458816.630649,17.3764
16,11091015.699805,11458816.630649,17.3764
17,11091015.699805,11458816.630649,17.3764
18,11091015.699805,11458816.630649,17.3764
24,0.000000,0.000000,0.0000
29,3.359450,3.470856,0.0000
30,1096223.002952,1132576.016220,1.7175
45,7661748.747558,7915828.121127,12.0038