validatorid,total_sts_amount,total_s_amount,weight
13,0.000000,0.000000,0.0000
14,0.000000,0.000000,0.0000
15,4219023.148179,4460540.105745,18.2768
16,4219023.148179,4460540.105745,18.2768
17,4219023.148179,4460540.105745,18.2768
18,4219023.148179,4460540.105745,18.2768
24,0.000000,0.000000,0.0000
29,0.000000,0.000000,0.0000
30,539901.903898,570808.457532,2.3389
45,5667984.431039,5992446.826063,24.5538