validatorid,total_sts_amount,total_s_amount,weight
13,0.000000,0.000000,0.0000
14,0.000000,0.000000,0.0000
15,6374482.203120,6623303.377635,18.4802
16,6374482.203120,6623303.377635,18.4802
17,6374482.203120,6623303.377635,18.4802
18,6374482.203120,6623303.377635,18.4802
24,0.000000,0.000000,0.0000
29,3.359450,3.490582,0.0000
30,1327748.978809,1379576.256671,3.8493
45,7667984.431039,7967296.097696,22.2301