validatorid,total_sts_amount,total_s_amount,weight
13,0.000000,0.000000,0.0000
14,0.000000,0.000000,0.0000
15,4219023.148179,4430974.682234,16.9331
16,4219023.148179,4430974.682234,16.9331
17,4219023.148179,4430974.682234,16.9331
18,4219023.148179,4430974.682234,16.9331
24,0.000000,0.000000,0.0000
29,0.000000,0.000000,0.0000
30,371779.789419,390456.931954,1.4921
45,7667984.431039,8053201.815773,30.7755