validatorid,total_sts_amount,total_s_amount,weight
13,0.000000,0.000000,0.0000
14,0.000000,0.000000,0.0000
15,4219023.148179,4488484.639444,24.4314
16,4219023.148179,4488484.639444,24.4314
17,4219023.148179,4488484.639444,24.4314
18,4219023.148179,4488484.639444,24.4314
24,0.000000,0.000000,0.0000
29,0.000000,0.000000,0.0000
30,392779.552405,417865.682585,2.2745
45,0.031039,0.033022,0.0000