validatorid,total_sts_amount,total_s_amount,weight
13,0.000000,0.000000,0.0000
14,0.000000,0.000000,0.0000
15,4219023.148179,4422534.304396,16.8714
16,4219023.148179,4422534.304396,16.8714
17,4219023.148179,4422534.304396,16.8714
18,4219023.148179,4422534.304396,16.8714
24,0.000000,0.000000,0.0000
29,0.000000,0.000000,0.0000
30,462867.834783,485194.986098,1.8510
45,7667984.431039,8037861.609383,30.6634