validatorid,total_sts_amount,total_s_amount,weight
13,5352916.110519,5531719.863924,8.4292
14,5352916.110519,5531719.863924,8.4292
15,11023146.592313,11391353.368645,17.3580
16,11023146.592313,11391353.368645,17.3580
17,11023146.592313,11391353.368645,17.3580
18,11023146.592313,11391353.368645,17.3580
24,0.000000,0.000000,0.0000
29,3.359450,3.471665,0.0000
30,1044453.250050,1079341.179827,1.6447
45,7661748.747558,7917674.565453,12.0649