validatorid,total_sts_amount,total_s_amount,weight
13,0.000000,0.000000,0.0000
14,0.000000,0.000000,0.0000
15,4219023.148179,4440547.292354,16.8232
16,4219023.148179,4440547.292354,16.8232
17,4219023.148179,4440547.292354,16.8232
18,4219023.148179,4440547.292354,16.8232
24,0.000000,0.000000,0.0000
29,0.000000,0.000000,0.0000
30,534512.006711,562577.108674,2.1313
45,7667984.431039,8070599.830143,30.5758