validatorid,total_sts_amount,total_s_amount,weight
13,0.000000,0.000000,0.0000
14,0.000000,0.000000,0.0000
15,11346322.266542,11786678.039781,20.8677
16,11346322.266542,11786678.039781,20.8677
17,11346322.266542,11786678.039781,20.8677
18,11346322.266542,11786678.039781,20.8677
24,0.000000,0.000000,0.0000
29,3.359450,3.489831,0.0000
30,1319404.727742,1370611.407356,2.4266
45,7667984.431039,7965582.289975,14.1026