validatorid,total_sts_amount,total_s_amount,weight
13,0.000000,0.000000,0.0000
14,0.000000,0.000000,0.0000
15,4965496.237860,5187376.750089,17.7395
16,4965496.237860,5187376.750089,17.7395
17,4965496.237860,5187376.750089,17.7395
18,4965496.237860,5187376.750089,17.7395
24,0.000000,0.000000,0.0000
29,3.359450,3.509565,0.0000
30,461244.565943,481855.029762,1.6478
45,7667984.431039,8010624.165684,27.3943