validatorid,total_sts_amount,total_s_amount,weight
13,0.000000,0.000000,0.0000
14,0.000000,0.000000,0.0000
15,5427218.977051,5817032.259466,24.3547
16,5427218.977051,5817032.259466,24.3547
17,5427218.977051,5817032.259466,24.3547
18,5427218.977051,5817032.259466,24.3547
24,0.000000,0.000000,0.0000
29,0.000000,0.000000,0.0000
30,575216.439213,616531.707533,2.5813
45,0.031039,0.033269,0.0000