validatorid,total_sts_amount,total_s_amount,weight
13,0.000000,0.000000,0.0000
14,0.000000,0.000000,0.0000
15,4219023.148179,4486329.216705,24.4239
16,4219023.148179,4486329.216705,24.4239
17,4219023.148179,4486329.216705,24.4239
18,4219023.148179,4486329.216705,24.4239
24,0.000000,0.000000,0.0000
29,0.000000,0.000000,0.0000
30,398056.949029,423276.777022,2.3044
45,0.031039,0.033006,0.0000