validatorid,total_sts_amount,total_s_amount,weight
13,5352916.110519,5551732.985253,8.2003
14,5352916.110519,5551732.985253,8.2003
15,11399977.724493,11823393.279009,17.4639
16,11399977.724493,11823393.279009,17.4639
17,11399977.724493,11823393.279009,17.4639
18,11399977.724493,11823393.279009,17.4639
24,0.000000,0.000000,0.0000
29,3.359450,3.484226,0.0000
30,1303525.002677,1351940.251827,1.9969
45,7667984.431039,7952787.082269,11.7468