validatorid,total_sts_amount,total_s_amount,weight
13,0.000000,0.000000,0.0000
14,0.000000,0.000000,0.0000
15,4219023.148179,4496038.023539,24.4415
16,4219023.148179,4496038.023539,24.4415
17,4219023.148179,4496038.023539,24.4415
18,4219023.148179,4496038.023539,24.4415
24,0.000000,0.000000,0.0000
29,0.000000,0.000000,0.0000
30,385637.344546,410957.727294,2.2341
45,0.031039,0.033077,0.0000