validatorid,total_sts_amount,total_s_amount,weight
13,0.000000,0.000000,0.0000
14,0.000000,0.000000,0.0000
15,11311098.786260,11744976.743284,20.8613
16,11311098.786260,11744976.743284,20.8613
17,11311098.786260,11744976.743284,20.8613
18,11311098.786260,11744976.743284,20.8613
24,0.000000,0.000000,0.0000
29,3.359450,3.488313,0.0000
30,1308198.459500,1358379.125915,2.4127
45,7667984.431039,7962117.607869,14.1422