validatorid,total_sts_amount,total_s_amount,weight
13,0.000000,0.000000,0.0000
14,0.000000,0.000000,0.0000
15,4219023.148179,4478197.845367,20.0455
16,4219023.148179,4478197.845367,20.0455
17,4219023.148179,4478197.845367,20.0455
18,4219023.148179,4478197.845367,20.0455
24,0.000000,0.000000,0.0000
29,0.000000,0.000000,0.0000
30,503122.886456,534029.737916,2.3905
45,3667984.431039,3893308.806094,17.4274