validatorid,total_sts_amount,total_s_amount,weight
13,0.000000,0.000000,0.0000
14,0.000000,0.000000,0.0000
15,4219023.148179,4469551.289649,20.0292
16,4219023.148179,4469551.289649,20.0292
17,4219023.148179,4469551.289649,20.0292
18,4219023.148179,4469551.289649,20.0292
24,0.000000,0.000000,0.0000
29,0.000000,0.000000,0.0000
30,520327.789901,551225.168176,2.4702
45,3667984.431039,3885791.560836,17.4132