validatorid,total_sts_amount,total_s_amount,weight
13,0.000000,0.000000,0.0000
14,0.000000,0.000000,0.0000
15,4219023.148179,4473858.910111,20.1348
16,4219023.148179,4473858.910111,20.1348
17,4219023.148179,4473858.910111,20.1348
18,4219023.148179,4473858.910111,20.1348
24,0.000000,0.000000,0.0000
29,0.000000,0.000000,0.0000
30,409811.813561,434565.104095,1.9558
45,3667984.431039,3889536.571051,17.5050