validatorid,total_sts_amount,total_s_amount,weight
13,0.000000,0.000000,0.0000
14,0.000000,0.000000,0.0000
15,5427218.977051,5815593.957971,24.3673
16,5427218.977051,5815593.957971,24.3673
17,5427218.977051,5815593.957971,24.3673
18,5427218.977051,5815593.957971,24.3673
24,0.000000,0.000000,0.0000
29,0.000000,0.000000,0.0000
30,563671.907349,604008.600449,2.5308
45,0.031039,0.033261,0.0000