validatorid,total_sts_amount,total_s_amount,weight
13,0.000000,0.000000,0.0000
14,0.000000,0.000000,0.0000
15,4219023.148179,4436264.327549,16.8589
16,4219023.148179,4436264.327549,16.8589
17,4219023.148179,4436264.327549,16.8589
18,4219023.148179,4436264.327549,16.8589
24,0.000000,0.000000,0.0000
29,0.000000,0.000000,0.0000
30,481467.816537,506259.014077,1.9239
45,7667984.431039,8062815.633117,30.6406