validatorid,total_sts_amount,total_s_amount,weight
13,0.000000,0.000000,0.0000
14,0.000000,0.000000,0.0000
15,5469023.148179,5831620.262112,24.5472
16,5469023.148179,5831620.262112,24.5472
17,5469023.148179,5831620.262112,24.5472
18,5469023.148179,5831620.262112,24.5472
24,0.000000,0.000000,0.0000
29,0.000000,0.000000,0.0000
30,403558.419458,430314.407545,1.8113
45,0.031039,0.033097,0.0000