validatorid,total_sts_amount,total_s_amount,weight
13,0.000000,0.000000,0.0000
14,0.000000,0.000000,0.0000
15,4219023.148179,4470624.376869,20.0215
16,4219023.148179,4470624.376869,20.0215
17,4219023.148179,4470624.376869,20.0215
18,4219023.148179,4470624.376869,20.0215
24,0.000000,0.000000,0.0000
29,0.000000,0.000000,0.0000
30,528383.297553,559893.408357,2.5075
45,3667984.431039,3886724.494142,17.4065