validatorid,total_sts_amount,total_s_amount,weight
13,0.000000,0.000000,0.0000
14,0.000000,0.000000,0.0000
15,4219023.148179,4456863.744791,17.5888
16,4219023.148179,4456863.744791,17.5888
17,4219023.148179,4456863.744791,17.5888
18,4219023.148179,4456863.744791,17.5888
24,0.000000,0.000000,0.0000
29,0.000000,0.000000,0.0000
30,442914.101604,467882.666714,1.8465
45,6667984.431039,7043881.253498,27.7983