validatorid,total_sts_amount,total_s_amount,weight
13,0.000000,0.000000,0.0000
14,0.000000,0.000000,0.0000
15,4219023.148179,4467399.351324,20.0254
16,4219023.148179,4467399.351324,20.0254
17,4219023.148179,4467399.351324,20.0254
18,4219023.148179,4467399.351324,20.0254
24,0.000000,0.000000,0.0000
29,0.000000,0.000000,0.0000
30,524277.352569,555141.847418,2.4885
45,3667984.431039,3883920.683147,17.4099