validatorid,total_sts_amount,total_s_amount,weight
13,0.000000,0.000000,0.0000
14,0.000000,0.000000,0.0000
15,4219023.148179,4447980.938009,16.8270
16,4219023.148179,4447980.938009,16.8270
17,4219023.148179,4447980.938009,16.8270
18,4219023.148179,4447980.938009,16.8270
24,0.000000,0.000000,0.0000
29,0.000000,0.000000,0.0000
30,528840.450945,557539.544685,2.1092
45,7667984.431039,8084110.322299,30.5827