validatorid,total_sts_amount,total_s_amount,weight
13,0.000000,0.000000,0.0000
14,0.000000,0.000000,0.0000
15,5427218.977051,5827928.352048,24.3996
16,5427218.977051,5827928.352048,24.3996
17,5427218.977051,5827928.352048,24.3996
18,5427218.977051,5827928.352048,24.3996
24,0.000000,0.000000,0.0000
29,0.000000,0.000000,0.0000
30,534226.096116,573669.760724,2.4018
45,0.031039,0.033331,0.0000