validatorid,total_sts_amount,total_s_amount,weight
13,0.000000,0.000000,0.0000
14,0.000000,0.000000,0.0000
15,5469023.148179,5842888.897030,24.5373
16,5469023.148179,5842888.897030,24.5373
17,5469023.148179,5842888.897030,24.5373
18,5469023.148179,5842888.897030,24.5373
24,0.000000,0.000000,0.0000
29,0.000000,0.000000,0.0000
30,412475.050452,440672.095782,1.8506
45,0.031039,0.033161,0.0000