validatorid,total_sts_amount,total_s_amount,weight
13,0.000000,0.000000,0.0000
14,0.000000,0.000000,0.0000
15,4965496.237860,5186790.218078,17.7400
16,4965496.237860,5186790.218078,17.7400
17,4965496.237860,5186790.218078,17.7400
18,4965496.237860,5186790.218078,17.7400
24,0.000000,0.000000,0.0000
29,3.359450,3.509168,0.0000
30,460487.252999,481009.483240,1.6452
45,7667984.431039,8009718.411634,27.3950