validatorid,total_sts_amount,total_s_amount,weight
13,0.000000,0.000000,0.0000
14,0.000000,0.000000,0.0000
15,4219023.148179,4425709.449501,16.9259
16,4219023.148179,4425709.449501,16.9259
17,4219023.148179,4425709.449501,16.9259
18,4219023.148179,4425709.449501,16.9259
24,0.000000,0.000000,0.0000
29,0.000000,0.000000,0.0000
30,382381.976168,401114.539031,1.5340
45,7667984.431039,8043632.367772,30.7624