validatorid,total_sts_amount,total_s_amount,weight
13,0.000000,0.000000,0.0000
14,0.000000,0.000000,0.0000
15,4219023.148179,4427278.585644,16.9355
16,4219023.148179,4427278.585644,16.9355
17,4219023.148179,4427278.585644,16.9355
18,4219023.148179,4427278.585644,16.9355
24,0.000000,0.000000,0.0000
29,0.000000,0.000000,0.0000
30,368204.178820,386379.125874,1.4780
45,7667984.431039,8046484.239187,30.7799