validatorid,total_sts_amount,total_s_amount,weight
13,0.000000,0.000000,0.0000
14,0.000000,0.000000,0.0000
15,4965496.237860,5175334.860469,17.7081
16,4965496.237860,5175334.860469,17.7081
17,4965496.237860,5175334.860469,17.7081
18,4965496.237860,5175334.860469,17.7081
24,0.000000,0.000000,0.0000
29,3.359450,3.501418,0.0000
30,510857.737346,532446.251126,1.8218
45,7667984.431039,7992028.436738,27.3458