validatorid,total_sts_amount,total_s_amount,weight
13,5352916.110519,5543691.942430,8.4351
14,5352916.110519,5543691.942430,8.4351
15,11015638.476684,11408231.514016,17.3583
16,11015638.476684,11408231.514016,17.3583
17,11015638.476684,11408231.514016,17.3583
18,11015638.476684,11408231.514016,17.3583
24,0.000000,0.000000,0.0000
29,3.359450,3.479179,0.0000
30,1023830.103175,1060319.006725,1.6133
45,7667984.431039,7941268.390419,12.0831