validatorid,total_sts_amount,total_s_amount,weight
13,0.000000,0.000000,0.0000
14,0.000000,0.000000,0.0000
15,4965496.237860,5177134.160624,17.7089
16,4965496.237860,5177134.160624,17.7089
17,4965496.237860,5177134.160624,17.7089
18,4965496.237860,5177134.160624,17.7089
24,0.000000,0.000000,0.0000
29,3.359450,3.502635,0.0000
30,509559.826761,531278.136088,1.8173
45,7667984.431039,7994807.012113,27.3470