validatorid,total_sts_amount,total_s_amount,weight
13,0.000000,0.000000,0.0000
14,0.000000,0.000000,0.0000
15,5427218.977051,5824337.640072,24.3916
16,5427218.977051,5824337.640072,24.3916
17,5427218.977051,5824337.640072,24.3916
18,5427218.977051,5824337.640072,24.3916
24,0.000000,0.000000,0.0000
29,0.000000,0.000000,0.0000
30,541511.900877,581135.229693,2.4337
45,0.031039,0.033311,0.0000