validatorid,total_sts_amount,total_s_amount,weight
13,0.000000,0.000000,0.0000
14,0.000000,0.000000,0.0000
15,5469023.148179,5848498.010180,24.5283
16,5469023.148179,5848498.010180,24.5283
17,5469023.148179,5848498.010180,24.5283
18,5469023.148179,5848498.010180,24.5283
24,0.000000,0.000000,0.0000
29,0.000000,0.000000,0.0000
30,420669.218534,449857.866913,1.8867
45,0.031039,0.033193,0.0000