validatorid,total_sts_amount,total_s_amount,weight
13,0.000000,0.000000,0.0000
14,0.000000,0.000000,0.0000
15,4965496.237860,5184987.707410,17.7369
16,4965496.237860,5184987.707410,17.7369
17,4965496.237860,5184987.707410,17.7369
18,4965496.237860,5184987.707410,17.7369
24,0.000000,0.000000,0.0000
29,3.359450,3.507948,0.0000
30,465320.341319,485889.049990,1.6621
45,7667984.431039,8006934.878413,27.3903