validatorid,total_sts_amount,total_s_amount,weight
13,0.000000,0.000000,0.0000
14,0.000000,0.000000,0.0000
15,4219023.148179,4483623.080375,24.3362
16,4219023.148179,4483623.080375,24.3362
17,4219023.148179,4483623.080375,24.3362
18,4219023.148179,4483623.080375,24.3362
24,0.000000,0.000000,0.0000
29,0.000000,0.000000,0.0000
30,460351.184367,489222.533941,2.6554
45,0.031039,0.032986,0.0000