validatorid,total_sts_amount,total_s_amount,weight
13,0.000000,0.000000,0.0000
14,0.000000,0.000000,0.0000
15,4219023.148179,4462582.501092,18.2815
16,4219023.148179,4462582.501092,18.2815
17,4219023.148179,4462582.501092,18.2815
18,4219023.148179,4462582.501092,18.2815
24,0.000000,0.000000,0.0000
29,0.000000,0.000000,0.0000
30,534053.525605,564883.821280,2.3141
45,5667984.431039,5995190.651972,24.5600