validatorid,total_sts_amount,total_s_amount,weight
13,5352916.110519,5535564.988043,8.4643
14,5352916.110519,5535564.988043,8.4643
15,10965361.105858,11339514.344258,17.3391
16,10965361.105858,11339514.344258,17.3391
17,10965361.105858,11339514.344258,17.3391
18,10965361.105858,11339514.344258,17.3391
24,0.000000,0.000000,0.0000
29,3.359450,3.474079,0.0000
30,1008840.190358,1043263.208497,1.5952
45,7664668.823764,7926197.890977,12.1198