validatorid,total_sts_amount,total_s_amount,weight
13,0.000000,0.000000,0.0000
14,0.000000,0.000000,0.0000
15,4219023.148179,4446930.440649,16.8216
16,4219023.148179,4446930.440649,16.8216
17,4219023.148179,4446930.440649,16.8216
18,4219023.148179,4446930.440649,16.8216
24,0.000000,0.000000,0.0000
29,0.000000,0.000000,0.0000
30,536872.431790,565873.728544,2.1406
45,7667984.431039,8082201.065790,30.5729