validatorid,total_sts_amount,total_s_amount,weight
13,5352916.110519,5523321.714059,8.4525
14,5352916.110519,5523321.714059,8.4525
15,10986104.087805,11335837.515153,17.3477
16,10986104.087805,11335837.515153,17.3477
17,10986104.087805,11335837.515153,17.3477
18,10986104.087805,11335837.515153,17.3477
24,0.000000,0.000000,0.0000
29,3.359450,3.466395,0.0000
30,1017940.478608,1050345.761643,1.6074
45,7660859.371832,7904736.417154,12.0969