validatorid,total_sts_amount,total_s_amount,weight
13,5352916.110519,5538721.856279,8.4678
14,5352916.110519,5538721.856279,8.4678
15,10959532.942762,11339950.672008,17.3369
16,10959532.942762,11339950.672008,17.3369
17,10959532.942762,11339950.672008,17.3369
18,10959532.942762,11339950.672008,17.3369
24,0.000000,0.000000,0.0000
29,3.359450,3.476060,0.0000
30,1006580.747826,1041520.299027,1.5923
45,7664668.823764,7930718.109312,12.1247