validatorid,total_sts_amount,total_s_amount,weight
13,0.000000,0.000000,0.0000
14,0.000000,0.000000,0.0000
15,6374876.377951,6622996.590735,18.4835
16,6374876.377951,6622996.590735,18.4835
17,6374876.377951,6622996.590735,18.4835
18,6374876.377951,6622996.590735,18.4835
24,0.000000,0.000000,0.0000
29,3.359450,3.490205,0.0000
30,1322094.804638,1373552.813358,3.8333
45,7667984.431039,7966434.442594,22.2328