validatorid,total_sts_amount,total_s_amount,weight
13,0.000000,0.000000,0.0000
14,0.000000,0.000000,0.0000
15,4219023.148179,4462041.834942,18.2856
16,4219023.148179,4462041.834942,18.2856
17,4219023.148179,4462041.834942,18.2856
18,4219023.148179,4462041.834942,18.2856
24,0.000000,0.000000,0.0000
29,0.000000,0.000000,0.0000
30,528896.813033,559361.639705,2.2923
45,5667984.431039,5994464.302007,24.5655