validatorid,total_sts_amount,total_s_amount,weight
13,0.000000,0.000000,0.0000
14,0.000000,0.000000,0.0000
15,5469023.148179,5846402.740913,24.5335
16,5469023.148179,5846402.740913,24.5335
17,5469023.148179,5846402.740913,24.5335
18,5469023.148179,5846402.740913,24.5335
24,0.000000,0.000000,0.0000
29,0.000000,0.000000,0.0000
30,415946.923299,444648.553601,1.8659
45,0.031039,0.033181,0.0000