validatorid,total_sts_amount,total_s_amount,weight
13,5352916.110519,5525885.110975,8.4596
14,5352916.110519,5525885.110975,8.4596
15,10974891.475657,11329523.599431,17.3444
16,10974891.475657,11329523.599431,17.3444
17,10974891.475657,11329523.599431,17.3444
18,10974891.475657,11329523.599431,17.3444
24,0.000000,0.000000,0.0000
29,3.359450,3.468004,0.0000
30,1010128.396022,1042768.716809,1.5964
45,7660859.371832,7908405.038683,12.1070