validatorid,total_sts_amount,total_s_amount,weight
13,0.000000,0.000000,0.0000
14,0.000000,0.000000,0.0000
15,4219023.148179,4417280.880379,16.8506
16,4219023.148179,4417280.880379,16.8506
17,4219023.148179,4417280.880379,16.8506
18,4219023.148179,4417280.880379,16.8506
24,0.000000,0.000000,0.0000
29,3.359450,3.517315,0.0000
30,493672.286263,516870.629692,1.9717
45,7667984.431039,8028313.623473,30.6257