validatorid,total_sts_amount,total_s_amount,weight
13,5352916.110519,5533006.550049,8.4520
14,5352916.110519,5533006.550049,8.4520
15,10985239.683739,11354820.787224,17.3453
16,10985239.683739,11354820.787224,17.3453
17,10985239.683739,11354820.787224,17.3453
18,10985239.683739,11354820.787224,17.3453
24,0.000000,0.000000,0.0000
29,3.359450,3.472473,0.0000
30,1024278.266931,1058738.497483,1.6173
45,7661748.747558,7919516.228130,12.0976