validatorid,total_sts_amount,total_s_amount,weight
13,0.000000,0.000000,0.0000
14,0.000000,0.000000,0.0000
15,4965496.237860,5183184.405236,17.7293
16,4965496.237860,5183184.405236,17.7293
17,4965496.237860,5183184.405236,17.7293
18,4965496.237860,5183184.405236,17.7293
24,0.000000,0.000000,0.0000
29,3.359450,3.506728,0.0000
30,477276.475250,498200.354003,1.7041
45,7667984.431039,8004150.122906,27.3786