validatorid,total_sts_amount,total_s_amount,weight
13,0.000000,0.000000,0.0000
14,0.000000,0.000000,0.0000
15,4219023.148179,4429392.883409,16.9310
16,4219023.148179,4429392.883409,16.9310
17,4219023.148179,4429392.883409,16.9310
18,4219023.148179,4429392.883409,16.9310
24,0.000000,0.000000,0.0000
29,0.000000,0.000000,0.0000
30,374824.109330,393513.660411,1.5042
45,7667984.431039,8050326.930203,30.7718