validatorid,total_sts_amount,total_s_amount,weight
13,0.000000,0.000000,0.0000
14,0.000000,0.000000,0.0000
15,11378935.468696,11810282.486519,20.8950
16,11378935.468696,11810282.486519,20.8950
17,11378935.468696,11810282.486519,20.8950
18,11378935.468696,11810282.486519,20.8950
24,0.000000,0.000000,0.0000
29,3.359450,3.486798,0.0000
30,1273947.884945,1322240.066805,2.3393
45,7667984.431039,7958658.565377,14.0806