validatorid,total_sts_amount,total_s_amount,weight
13,5352916.110519,5521900.287430,8.4525
14,5352916.110519,5521900.287430,8.4525
15,10986111.149093,11332927.522011,17.3476
16,10986111.149093,11332927.522011,17.3476
17,10986111.149093,11332927.522011,17.3476
18,10986111.149093,11332927.522011,17.3476
24,0.000000,0.000000,0.0000
29,3.359450,3.465503,0.0000
30,1018146.555934,1050288.038105,1.6077
45,7660859.371832,7902702.133544,12.0969