validatorid,total_sts_amount,total_s_amount,weight
13,0.000000,0.000000,0.0000
14,0.000000,0.000000,0.0000
15,4965496.237860,5187976.714379,17.7373
16,4965496.237860,5187976.714379,17.7373
17,4965496.237860,5187976.714379,17.7373
18,4965496.237860,5187976.714379,17.7373
24,0.000000,0.000000,0.0000
29,3.359450,3.509971,0.0000
30,464688.850770,485509.367391,1.6599
45,7667984.431039,8011550.662577,27.3909