validatorid,total_sts_amount,total_s_amount,weight
13,0.000000,0.000000,0.0000
14,0.000000,0.000000,0.0000
15,4219023.148179,4496578.397228,24.4159
16,4219023.148179,4496578.397228,24.4159
17,4219023.148179,4496578.397228,24.4159
18,4219023.148179,4496578.397228,24.4159
24,0.000000,0.000000,0.0000
29,0.000000,0.000000,0.0000
30,403751.404971,430312.842969,2.3365
45,0.031039,0.033081,0.0000