validatorid,total_sts_amount,total_s_amount,weight
13,0.000000,0.000000,0.0000
14,0.000000,0.000000,0.0000
15,4219023.148179,4479833.050138,24.2899
16,4219023.148179,4479833.050138,24.2899
17,4219023.148179,4479833.050138,24.2899
18,4219023.148179,4479833.050138,24.2899
24,0.000000,0.000000,0.0000
29,0.000000,0.000000,0.0000
30,493370.811494,523869.812911,2.8404
45,0.031039,0.032958,0.0000