validatorid,total_sts_amount,total_s_amount,weight
13,0.000000,0.000000,0.0000
14,0.000000,0.000000,0.0000
15,4965496.237860,5190342.295223,17.7404
16,4965496.237860,5190342.295223,17.7404
17,4965496.237860,5190342.295223,17.7404
18,4965496.237860,5190342.295223,17.7404
24,0.000000,0.000000,0.0000
29,3.359450,3.511571,0.0000
30,459820.849269,480642.314053,1.6428
45,7667984.431039,8015203.718830,27.3956