validatorid,total_sts_amount,total_s_amount,weight
13,0.000000,0.000000,0.0000
14,0.000000,0.000000,0.0000
15,11338647.393383,11776139.606447,20.8657
16,11338647.393383,11776139.606447,20.8657
17,11338647.393383,11776139.606447,20.8657
18,11338647.393383,11776139.606447,20.8657
24,0.000000,0.000000,0.0000
29,3.359450,3.489071,0.0000
30,1318529.735495,1369404.101013,2.4264
45,7667984.431039,7963847.188041,14.1108