validatorid,total_sts_amount,total_s_amount,weight
13,0.000000,0.000000,0.0000
14,0.000000,0.000000,0.0000
15,4219023.148179,4416242.797279,16.8512
16,4219023.148179,4416242.797279,16.8512
17,4219023.148179,4416242.797279,16.8512
18,4219023.148179,4416242.797279,16.8512
24,0.000000,0.000000,0.0000
29,3.359450,3.516488,0.0000
30,492912.776705,515954.149422,1.9687
45,7667984.431039,8026426.929618,30.6266