validatorid,total_sts_amount,total_s_amount,weight
13,0.000000,0.000000,0.0000
14,0.000000,0.000000,0.0000
15,6417957.031576,6673493.758688,18.4905
16,6417957.031576,6673493.758688,18.4905
17,6417957.031576,6673493.758688,18.4905
18,6417957.031576,6673493.758688,18.4905
24,0.000000,0.000000,0.0000
29,3.359450,3.493209,0.0000
30,1369660.969317,1424195.251742,3.9461
45,7667984.431039,7973292.122477,22.0919