validatorid,total_sts_amount,total_s_amount,weight
13,0.000000,0.000000,0.0000
14,0.000000,0.000000,0.0000
15,4219023.148179,4464202.312563,20.0139
16,4219023.148179,4464202.312563,20.0139
17,4219023.148179,4464202.312563,20.0139
18,4219023.148179,4464202.312563,20.0139
24,0.000000,0.000000,0.0000
29,0.000000,0.000000,0.0000
30,536354.476620,567523.526368,2.5443
45,3667984.431039,3881141.203635,17.3999