validatorid,total_sts_amount,total_s_amount,weight
13,0.000000,0.000000,0.0000
14,0.000000,0.000000,0.0000
15,4219023.148179,4482544.027595,24.3811
16,4219023.148179,4482544.027595,24.3811
17,4219023.148179,4482544.027595,24.3811
18,4219023.148179,4482544.027595,24.3811
24,0.000000,0.000000,0.0000
29,0.000000,0.000000,0.0000
30,428399.951721,455157.883132,2.4757
45,0.031039,0.032978,0.0000