validatorid,total_sts_amount,total_s_amount,weight
13,0.000000,0.000000,0.0000
14,0.000000,0.000000,0.0000
15,4219023.148179,4466873.939906,20.0288
16,4219023.148179,4466873.939906,20.0288
17,4219023.148179,4466873.939906,20.0288
18,4219023.148179,4466873.939906,20.0288
24,0.000000,0.000000,0.0000
29,0.000000,0.000000,0.0000
30,520726.637650,551317.251847,2.4720
45,3667984.431039,3883463.894732,17.4129