validatorid,total_sts_amount,total_s_amount,weight
13,0.000000,0.000000,0.0000
14,0.000000,0.000000,0.0000
15,4965496.237860,5185589.513003,17.7364
16,4965496.237860,5185589.513003,17.7364
17,4965496.237860,5185589.513003,17.7364
18,4965496.237860,5185589.513003,17.7364
24,0.000000,0.000000,0.0000
29,3.359450,3.508356,0.0000
30,466047.842063,486705.192511,1.6647
45,7667984.431039,8007864.218744,27.3896