validatorid,total_sts_amount,total_s_amount,weight
13,0.000000,0.000000,0.0000
14,0.000000,0.000000,0.0000
15,4219023.148179,4463639.865205,19.9994
16,4219023.148179,4463639.865205,19.9994
17,4219023.148179,4463639.865205,19.9994
18,4219023.148179,4463639.865205,19.9994
24,0.000000,0.000000,0.0000
29,0.000000,0.000000,0.0000
30,551680.617142,583666.765753,2.6151
45,3667984.431039,3880652.216475,17.3873