validatorid,total_sts_amount,total_s_amount,weight
13,5352916.110519,5531076.804715,8.3867
14,5352916.110519,5531076.804715,8.3867
15,11091177.076778,11460323.868292,17.3771
16,11091177.076778,11460323.868292,17.3771
17,11091177.076778,11460323.868292,17.3771
18,11091177.076778,11460323.868292,17.3771
24,0.000000,0.000000,0.0000
29,3.359450,3.471262,0.0000
30,1093955.664662,1130365.706704,1.7140
45,7661748.747558,7916754.140401,12.0041