validatorid,total_sts_amount,total_s_amount,weight
13,5352916.110519,5536202.198811,8.4640
14,5352916.110519,5536202.198811,8.4640
15,10965883.273963,11341359.707452,17.3392
16,10965883.273963,11341359.707452,17.3392
17,10965883.273963,11341359.707452,17.3392
18,10965883.273963,11341359.707452,17.3392
24,0.000000,0.000000,0.0000
29,3.359450,3.474479,0.0000
30,1009176.020299,1043730.629663,1.5957
45,7664668.823764,7927110.292630,12.1194