validatorid,total_sts_amount,total_s_amount,weight
13,0.000000,0.000000,0.0000
14,0.000000,0.000000,0.0000
15,4965496.237860,5180774.389842,17.7202
16,4965496.237860,5180774.389842,17.7202
17,4965496.237860,5180774.389842,17.7202
18,4965496.237860,5180774.389842,17.7202
24,0.000000,0.000000,0.0000
29,3.359450,3.505098,0.0000
30,491679.736038,512996.418172,1.7546
45,7667984.431039,8000428.448448,27.3645