validatorid,total_sts_amount,total_s_amount,weight
13,0.000000,0.000000,0.0000
14,0.000000,0.000000,0.0000
15,11373093.683255,11805491.289142,20.8964
16,11373093.683255,11805491.289142,20.8964
17,11373093.683255,11805491.289142,20.8964
18,11373093.683255,11805491.289142,20.8964
24,0.000000,0.000000,0.0000
29,3.359450,3.487174,0.0000
30,1265780.271267,1313904.411815,2.3257
45,7667984.431039,7959516.199114,14.0888