validatorid,total_sts_amount,total_s_amount,weight
13,0.000000,0.000000,0.0000
14,0.000000,0.000000,0.0000
15,4219023.148179,4458973.716541,18.2819
16,4219023.148179,4458973.716541,18.2819
17,4219023.148179,4458973.716541,18.2819
18,4219023.148179,4458973.716541,18.2819
24,0.000000,0.000000,0.0000
29,0.000000,0.000000,0.0000
30,533536.203637,563880.269267,2.3119
45,5667984.431039,5990342.483586,24.5605