validatorid,total_sts_amount,total_s_amount,weight
13,0.000000,0.000000,0.0000
14,0.000000,0.000000,0.0000
15,4219023.148179,4458425.366085,18.2543
16,4219023.148179,4458425.366085,18.2543
17,4219023.148179,4458425.366085,18.2543
18,4219023.148179,4458425.366085,18.2543
24,0.000000,0.000000,0.0000
29,0.000000,0.000000,0.0000
30,568401.830031,600654.949768,2.4593
45,5667984.431039,5989605.810251,24.5235