validatorid,total_sts_amount,total_s_amount,weight
13,0.000000,0.000000,0.0000
14,0.000000,0.000000,0.0000
15,4219023.148179,4441624.344227,16.8232
16,4219023.148179,4441624.344227,16.8232
17,4219023.148179,4441624.344227,16.8232
18,4219023.148179,4441624.344227,16.8232
24,0.000000,0.000000,0.0000
29,0.000000,0.000000,0.0000
30,534536.976322,562739.848428,2.1314
45,7667984.431039,8072557.348911,30.5758