validatorid,total_sts_amount,total_s_amount,weight
13,0.000000,0.000000,0.0000
14,0.000000,0.000000,0.0000
15,5427218.977051,5822123.121997,24.3882
16,5427218.977051,5822123.121997,24.3882
17,5427218.977051,5822123.121997,24.3882
18,5427218.977051,5822123.121997,24.3882
24,0.000000,0.000000,0.0000
29,0.000000,0.000000,0.0000
30,544621.927085,584250.594612,2.4474
45,0.031039,0.033298,0.0000