validatorid,total_sts_amount,total_s_amount,weight
13,0.000000,0.000000,0.0000
14,0.000000,0.000000,0.0000
15,4219023.148179,4451133.363256,16.8303
16,4219023.148179,4451133.363256,16.8303
17,4219023.148179,4451133.363256,16.8303
18,4219023.148179,4451133.363256,16.8303
24,0.000000,0.000000,0.0000
29,0.000000,0.000000,0.0000
30,524008.272695,552836.669365,2.0903
45,7667984.431039,8089839.787833,30.5886