validatorid,total_sts_amount,total_s_amount,weight
13,0.000000,0.000000,0.0000
14,0.000000,0.000000,0.0000
15,4219023.148179,4454293.135554,17.5657
16,4219023.148179,4454293.135554,17.5657
17,4219023.148179,4454293.135554,17.5657
18,4219023.148179,4454293.135554,17.5657
24,0.000000,0.000000,0.0000
29,0.000000,0.000000,0.0000
30,474439.846859,500896.553272,1.9753
45,6667984.431039,7039818.516279,27.7618