validatorid,total_sts_amount,total_s_amount,weight
13,0.000000,0.000000,0.0000
14,0.000000,0.000000,0.0000
15,4219023.148179,4489566.038216,24.4499
16,4219023.148179,4489566.038216,24.4499
17,4219023.148179,4489566.038216,24.4499
18,4219023.148179,4489566.038216,24.4499
24,0.000000,0.000000,0.0000
29,0.000000,0.000000,0.0000
30,379707.924265,404056.517670,2.2005
45,0.031039,0.033030,0.0000