validatorid,total_sts_amount,total_s_amount,weight
13,0.000000,0.000000,0.0000
14,0.000000,0.000000,0.0000
15,5427218.977051,5823597.830977,24.3750
16,5427218.977051,5823597.830977,24.3750
17,5427218.977051,5823597.830977,24.3750
18,5427218.977051,5823597.830977,24.3750
24,0.000000,0.000000,0.0000
29,0.000000,0.000000,0.0000
30,556677.835319,597334.997542,2.5002
45,0.031039,0.033306,0.0000