validatorid,total_sts_amount,total_s_amount,weight
13,0.000000,0.000000,0.0000
14,0.000000,0.000000,0.0000
15,4219023.148179,4461503.699372,18.2838
16,4219023.148179,4461503.699372,18.2838
17,4219023.148179,4461503.699372,18.2838
18,4219023.148179,4461503.699372,18.2838
24,0.000000,0.000000,0.0000
29,0.000000,0.000000,0.0000
30,531166.914204,561694.750058,2.3019
45,5667984.431039,5993741.351710,24.5631