validatorid,total_sts_amount,total_s_amount,weight
13,0.000000,0.000000,0.0000
14,0.000000,0.000000,0.0000
15,5469023.148179,5843615.503599,24.5541
16,5469023.148179,5843615.503599,24.5541
17,5469023.148179,5843615.503599,24.5541
18,5469023.148179,5843615.503599,24.5541
24,0.000000,0.000000,0.0000
29,0.000000,0.000000,0.0000
30,397296.321002,424508.523374,1.7837
45,0.031039,0.033165,0.0000