validatorid,total_sts_amount,total_s_amount,weight
13,0.000000,0.000000,0.0000
14,0.000000,0.000000,0.0000
15,5427218.977051,5829341.251526,24.3961
16,5427218.977051,5829341.251526,24.3961
17,5427218.977051,5829341.251526,24.3961
18,5427218.977051,5829341.251526,24.3961
24,0.000000,0.000000,0.0000
29,0.000000,0.000000,0.0000
30,537385.248624,577202.064448,2.4156
45,0.031039,0.033339,0.0000