validatorid,total_sts_amount,total_s_amount,weight
13,0.000000,0.000000,0.0000
14,0.000000,0.000000,0.0000
15,5427218.977051,5809338.049953,24.3622
16,5427218.977051,5809338.049953,24.3622
17,5427218.977051,5809338.049953,24.3622
18,5427218.977051,5809338.049953,24.3622
24,0.000000,0.000000,0.0000
29,0.000000,0.000000,0.0000
30,568337.902208,608353.378496,2.5512
45,0.031039,0.033225,0.0000