validatorid,total_sts_amount,total_s_amount,weight
13,0.000000,0.000000,0.0000
14,0.000000,0.000000,0.0000
15,4219023.148179,4452188.724190,17.5612
16,4219023.148179,4452188.724190,17.5612
17,4219023.148179,4452188.724190,17.5612
18,4219023.148179,4452188.724190,17.5612
24,0.000000,0.000000,0.0000
29,0.000000,0.000000,0.0000
30,480597.778600,507158.158560,2.0004
45,6667984.431039,7036492.584726,27.7547