validatorid,total_sts_amount,total_s_amount,weight
13,0.000000,0.000000,0.0000
14,0.000000,0.000000,0.0000
15,6405701.371470,6658593.411187,18.4897
16,6405701.371470,6658593.411187,18.4897
17,6405701.371470,6658593.411187,18.4897
18,6405701.371470,6658593.411187,18.4897
24,0.000000,0.000000,0.0000
29,3.359450,3.492078,0.0000
30,1353859.782136,1407309.098915,3.9078
45,7667984.431039,7970710.410730,22.1332