validatorid,total_sts_amount,total_s_amount,weight
13,0.000000,0.000000,0.0000
14,0.000000,0.000000,0.0000
15,5469023.148179,5833031.451699,24.5743
16,5469023.148179,5833031.451699,24.5743
17,5469023.148179,5833031.451699,24.5743
18,5469023.148179,5833031.451699,24.5743
24,0.000000,0.000000,0.0000
29,0.000000,0.000000,0.0000
30,378974.180048,404198.017034,1.7029
45,0.031039,0.033105,0.0000