validatorid,total_sts_amount,total_s_amount,weight
13,0.000000,0.000000,0.0000
14,0.000000,0.000000,0.0000
15,5427218.977051,5825792.930289,24.3859
16,5427218.977051,5825792.930289,24.3859
17,5427218.977051,5825792.930289,24.3859
18,5427218.977051,5825792.930289,24.3859
24,0.000000,0.000000,0.0000
29,0.000000,0.000000,0.0000
30,546664.013337,586810.916901,2.4563
45,0.031039,0.033319,0.0000