validatorid,total_sts_amount,total_s_amount,weight
13,0.000000,0.000000,0.0000
14,0.000000,0.000000,0.0000
15,4219023.148179,4481458.565411,24.3244
16,4219023.148179,4481458.565411,24.3244
17,4219023.148179,4481458.565411,24.3244
18,4219023.148179,4481458.565411,24.3244
24,0.000000,0.000000,0.0000
29,0.000000,0.000000,0.0000
30,468700.342967,497854.857114,2.7023
45,0.031039,0.032970,0.0000