validatorid,total_sts_amount,total_s_amount,weight
13,0.000000,0.000000,0.0000
14,0.000000,0.000000,0.0000
15,5469023.148179,5847099.412177,24.5552
16,5469023.148179,5847099.412177,24.5552
17,5469023.148179,5847099.412177,24.5552
18,5469023.148179,5847099.412177,24.5552
24,0.000000,0.000000,0.0000
29,0.000000,0.000000,0.0000
30,396276.964441,423671.786179,1.7792
45,0.031039,0.033185,0.0000