validatorid,total_sts_amount,total_s_amount,weight
13,0.000000,0.000000,0.0000
14,0.000000,0.000000,0.0000
15,4219023.148179,4470087.133631,20.0306
16,4219023.148179,4470087.133631,20.0306
17,4219023.148179,4470087.133631,20.0306
18,4219023.148179,4470087.133631,20.0306
24,0.000000,0.000000,0.0000
29,0.000000,0.000000,0.0000
30,518847.889289,549723.287302,2.4633
45,3667984.431039,3886257.419238,17.4144