validatorid,total_sts_amount,total_s_amount,weight
13,0.000000,0.000000,0.0000
14,0.000000,0.000000,0.0000
15,4219023.148179,4415209.154131,16.8506
16,4219023.148179,4415209.154131,16.8506
17,4219023.148179,4415209.154131,16.8506
18,4219023.148179,4415209.154131,16.8506
24,0.000000,0.000000,0.0000
29,3.359450,3.515665,0.0000
30,493739.168471,516698.207102,1.9720
45,7667984.431039,8024548.305280,30.6256