validatorid,total_sts_amount,total_s_amount,weight
13,0.000000,0.000000,0.0000
14,0.000000,0.000000,0.0000
15,4219023.148179,4456361.341711,17.5863
16,4219023.148179,4456361.341711,17.5863
17,4219023.148179,4456361.341711,17.5863
18,4219023.148179,4456361.341711,17.5863
24,0.000000,0.000000,0.0000
29,0.000000,0.000000,0.0000
30,446383.992806,471495.011815,1.8607
45,6667984.431039,7043087.227060,27.7943