validatorid,total_sts_amount,total_s_amount,weight
13,0.000000,0.000000,0.0000
14,0.000000,0.000000,0.0000
15,4219023.148179,4463122.892508,18.2808
16,4219023.148179,4463122.892508,18.2808
17,4219023.148179,4463122.892508,18.2808
18,4219023.148179,4463122.892508,18.2808
24,0.000000,0.000000,0.0000
29,0.000000,0.000000,0.0000
30,534867.084427,565812.854093,2.3176
45,5667984.431039,5995916.632851,24.5591