validatorid,total_sts_amount,total_s_amount,weight
13,0.000000,0.000000,0.0000
14,0.000000,0.000000,0.0000
15,4219023.148179,4493343.525193,24.4164
16,4219023.148179,4493343.525193,24.4164
17,4219023.148179,4493343.525193,24.4164
18,4219023.148179,4493343.525193,24.4164
24,0.000000,0.000000,0.0000
29,0.000000,0.000000,0.0000
30,403342.204628,429567.466200,2.3342
45,0.031039,0.033058,0.0000