validatorid,total_sts_amount,total_s_amount,weight
13,0.000000,0.000000,0.0000
14,0.000000,0.000000,0.0000
15,4219023.148179,4484166.516601,24.3600
16,4219023.148179,4484166.516601,24.3600
17,4219023.148179,4484166.516601,24.3600
18,4219023.148179,4484166.516601,24.3600
24,0.000000,0.000000,0.0000
29,0.000000,0.000000,0.0000
30,443386.035806,471250.511282,2.5600
45,0.031039,0.032990,0.0000