validatorid,total_sts_amount,total_s_amount,weight
13,0.000000,0.000000,0.0000
14,0.000000,0.000000,0.0000
15,4219023.148179,4436796.431652,16.8608
16,4219023.148179,4436796.431652,16.8608
17,4219023.148179,4436796.431652,16.8608
18,4219023.148179,4436796.431652,16.8608
24,0.000000,0.000000,0.0000
29,0.000000,0.000000,0.0000
30,478546.117562,503247.228614,1.9125
45,7667984.431039,8063782.720955,30.6442