validatorid,total_sts_amount,total_s_amount,weight
13,5352916.110519,5548840.606597,8.2213
14,5352916.110519,5548840.606597,8.2213
15,11366041.436040,11782055.043348,17.4565
16,11366041.436040,11782055.043348,17.4565
17,11366041.436040,11782055.043348,17.4565
18,11366041.436040,11782055.043348,17.4565
24,0.000000,0.000000,0.0000
29,3.359450,3.482410,0.0000
30,1272679.755750,1319261.681315,1.9546
45,7667984.431039,7948643.786532,11.7768