validatorid,total_sts_amount,total_s_amount,weight
13,0.000000,0.000000,0.0000
14,0.000000,0.000000,0.0000
15,4965496.237860,5190939.870385,17.7457
16,4965496.237860,5190939.870385,17.7457
17,4965496.237860,5190939.870385,17.7457
18,4965496.237860,5190939.870385,17.7457
24,0.000000,0.000000,0.0000
29,3.359450,3.511975,0.0000
30,451484.234636,471982.537527,1.6135
45,7667984.431039,8016126.526304,27.4038