validatorid,total_sts_amount,total_s_amount,weight
13,0.000000,0.000000,0.0000
14,0.000000,0.000000,0.0000
15,4219023.148179,4434142.000185,16.9205
16,4219023.148179,4434142.000185,16.9205
17,4219023.148179,4434142.000185,16.9205
18,4219023.148179,4434142.000185,16.9205
24,0.000000,0.000000,0.0000
29,0.000000,0.000000,0.0000
30,390379.402499,410284.002679,1.5656
45,7667984.431039,8058958.348477,30.7526