validatorid,total_sts_amount,total_s_amount,weight
13,0.000000,0.000000,0.0000
14,0.000000,0.000000,0.0000
15,4219023.148179,4476569.996258,20.0381
16,4219023.148179,4476569.996258,20.0381
17,4219023.148179,4476569.996258,20.0381
18,4219023.148179,4476569.996258,20.0381
24,0.000000,0.000000,0.0000
29,0.000000,0.000000,0.0000
30,510877.841606,542063.965322,2.4264
45,3667984.431039,3891893.567310,17.4210