validatorid,total_sts_amount,total_s_amount,weight
13,0.000000,0.000000,0.0000
14,0.000000,0.000000,0.0000
15,4219023.148179,4492803.946950,24.4277
16,4219023.148179,4492803.946950,24.4277
17,4219023.148179,4492803.946950,24.4277
18,4219023.148179,4492803.946950,24.4277
24,0.000000,0.000000,0.0000
29,0.000000,0.000000,0.0000
30,395413.360358,421072.519324,2.2894
45,0.031039,0.033054,0.0000