validatorid,total_sts_amount,total_s_amount,weight
13,0.000000,0.000000,0.0000
14,0.000000,0.000000,0.0000
15,5427218.977051,5818470.623678,24.3469
16,5427218.977051,5818470.623678,24.3469
17,5427218.977051,5818470.623678,24.3469
18,5427218.977051,5818470.623678,24.3469
24,0.000000,0.000000,0.0000
29,0.000000,0.000000,0.0000
30,582295.689591,624273.753926,2.6122
45,0.031039,0.033277,0.0000