validatorid,total_sts_amount,total_s_amount,weight
13,5352916.110519,5539981.275715,8.4678
14,5352916.110519,5539981.275715,8.4678
15,10959130.983847,11342113.194957,17.3364
16,10959130.983847,11342113.194957,17.3364
17,10959130.983847,11342113.194957,17.3364
18,10959130.983847,11342113.194957,17.3364
24,0.000000,0.000000,0.0000
29,3.359450,3.476850,0.0000
30,1007568.208210,1042779.093160,1.5939
45,7664668.823764,7932521.431593,12.1248