validatorid,total_sts_amount,total_s_amount,weight
13,0.000000,0.000000,0.0000
14,0.000000,0.000000,0.0000
15,5469023.148179,5842187.494390,24.5536
16,5469023.148179,5842187.494390,24.5536
17,5469023.148179,5842187.494390,24.5536
18,5469023.148179,5842187.494390,24.5536
24,0.000000,0.000000,0.0000
29,0.000000,0.000000,0.0000
30,397740.099667,424878.844601,1.7857
45,0.031039,0.033157,0.0000