validatorid,total_sts_amount,total_s_amount,weight
13,0.000000,0.000000,0.0000
14,0.000000,0.000000,0.0000
15,4219023.148179,4443765.880325,16.8311
16,4219023.148179,4443765.880325,16.8311
17,4219023.148179,4443765.880325,16.8311
18,4219023.148179,4443765.880325,16.8311
24,0.000000,0.000000,0.0000
29,0.000000,0.000000,0.0000
30,522703.087164,550546.906879,2.0852
45,7667984.431039,8076449.545015,30.5902