validatorid,total_sts_amount,total_s_amount,weight
13,0.000000,0.000000,0.0000
14,0.000000,0.000000,0.0000
15,4219023.148179,4428863.811016,16.9241
16,4219023.148179,4428863.811016,16.9241
17,4219023.148179,4428863.811016,16.9241
18,4219023.148179,4428863.811016,16.9241
24,0.000000,0.000000,0.0000
29,0.000000,0.000000,0.0000
30,385073.234322,404225.540411,1.5447
45,7667984.431039,8049365.352433,30.7591