validatorid,total_sts_amount,total_s_amount,weight
13,0.000000,0.000000,0.0000
14,0.000000,0.000000,0.0000
15,4965496.237860,5181979.911942,17.7280
16,4965496.237860,5181979.911942,17.7280
17,4965496.237860,5181979.911942,17.7280
18,4965496.237860,5181979.911942,17.7280
24,0.000000,0.000000,0.0000
29,3.359450,3.505913,0.0000
30,479294.519295,500190.605715,1.7112
45,7667984.431039,8002290.080045,27.3766