validatorid,total_sts_amount,total_s_amount,weight
13,0.000000,0.000000,0.0000
14,0.000000,0.000000,0.0000
15,4219023.148179,4435731.980236,16.8544
16,4219023.148179,4435731.980236,16.8544
17,4219023.148179,4435731.980236,16.8544
18,4219023.148179,4435731.980236,16.8544
24,0.000000,0.000000,0.0000
29,0.000000,0.000000,0.0000
30,488074.623087,513144.426644,1.9498
45,7667984.431039,8061848.103249,30.6325