validatorid,total_sts_amount,total_s_amount,weight
13,0.000000,0.000000,0.0000
14,0.000000,0.000000,0.0000
15,4219023.148179,4413146.621554,16.8543
16,4219023.148179,4413146.621554,16.8543
17,4219023.148179,4413146.621554,16.8543
18,4219023.148179,4413146.621554,16.8543
24,0.000000,0.000000,0.0000
29,3.359450,3.514023,0.0000
30,488228.466686,510692.578027,1.9504
45,7667984.431039,8020799.696388,30.6323