validatorid,total_sts_amount,total_s_amount,weight
13,0.000000,0.000000,0.0000
14,0.000000,0.000000,0.0000
15,5427218.977051,5822857.562560,24.3912
16,5427218.977051,5822857.562560,24.3912
17,5427218.977051,5822857.562560,24.3912
18,5427218.977051,5822857.562560,24.3912
24,0.000000,0.000000,0.0000
29,0.000000,0.000000,0.0000
30,541820.137742,581318.258935,2.4351
45,0.031039,0.033302,0.0000