validatorid,total_sts_amount,total_s_amount,weight
13,5352916.110519,5532365.554448,8.4293
14,5352916.110519,5532365.554448,8.4293
15,11023230.530183,11392769.777221,17.3583
16,11023230.530183,11392769.777221,17.3583
17,11023230.530183,11392769.777221,17.3583
18,11023230.530183,11392769.777221,17.3583
24,0.000000,0.000000,0.0000
29,3.359450,3.472071,0.0000
30,1043406.658567,1078385.488948,1.6431
45,7661748.747558,7918598.756765,12.0650