validatorid,total_sts_amount,total_s_amount,weight
13,0.000000,0.000000,0.0000
14,0.000000,0.000000,0.0000
15,5427218.977051,5810032.117955,24.4709
16,5427218.977051,5810032.117955,24.4709
17,5427218.977051,5810032.117955,24.4709
18,5427218.977051,5810032.117955,24.4709
24,0.000000,0.000000,0.0000
29,0.000000,0.000000,0.0000
30,469398.426638,502507.812273,2.1165
45,0.031039,0.033229,0.0000