validatorid,total_sts_amount,total_s_amount,weight
13,0.000000,0.000000,0.0000
14,0.000000,0.000000,0.0000
15,4219023.148179,4449555.942266,16.8216
16,4219023.148179,4449555.942266,16.8216
17,4219023.148179,4449555.942266,16.8216
18,4219023.148179,4449555.942266,16.8216
24,0.000000,0.000000,0.0000
29,0.000000,0.000000,0.0000
30,536967.614198,566308.208001,2.1409
45,7667984.431039,8086972.858886,30.5728