validatorid,total_sts_amount,total_s_amount,weight
13,0.000000,0.000000,0.0000
14,0.000000,0.000000,0.0000
15,4219023.148179,4465820.443171,20.0200
16,4219023.148179,4465820.443171,20.0200
17,4219023.148179,4465820.443171,20.0200
18,4219023.148179,4465820.443171,20.0200
24,0.000000,0.000000,0.0000
29,0.000000,0.000000,0.0000
30,529988.169573,560990.522969,2.5149
45,3667984.431039,3882547.993233,17.4052