validatorid,total_sts_amount,total_s_amount,weight
13,0.000000,0.000000,0.0000
14,0.000000,0.000000,0.0000
15,4965496.237860,5172972.549683,17.7145
16,4965496.237860,5172972.549683,17.7145
17,4965496.237860,5172972.549683,17.7145
18,4965496.237860,5172972.549683,17.7145
24,0.000000,0.000000,0.0000
29,3.359450,3.499819,0.0000
30,500716.648796,521638.393288,1.7863
45,7667984.431039,7988380.430283,27.3557