validatorid,total_sts_amount,total_s_amount,weight
13,5352916.110519,5547134.982704,8.3535
14,5352916.110519,5547134.982704,8.3535
15,11146471.660950,11550897.045194,17.3947
16,11146471.660950,11550897.045194,17.3947
17,11146471.660950,11550897.045194,17.3947
18,11146471.660950,11550897.045194,17.3947
24,0.000000,0.000000,0.0000
29,3.359450,3.481340,0.0000
30,1120079.671763,1160719.316793,1.7479
45,7667984.431039,7946200.501939,11.9663