validatorid,total_sts_amount,total_s_amount,weight
13,0.000000,0.000000,0.0000
14,0.000000,0.000000,0.0000
15,6419794.698901,6674675.458551,18.4905
16,6419794.698901,6674675.458551,18.4905
17,6419794.698901,6674675.458551,18.4905
18,6419794.698901,6674675.458551,18.4905
24,0.000000,0.000000,0.0000
29,3.359450,3.492828,0.0000
30,1372342.671357,1426827.862703,3.9527
45,7667984.431039,7972421.222002,22.0855