validatorid,total_sts_amount,total_s_amount,weight
13,5352916.110519,5545441.581867,8.4342
14,5352916.110519,5545441.581867,8.4342
15,11017890.284763,11414164.852967,17.3601
16,11017890.284763,11414164.852967,17.3601
17,11017890.284763,11414164.852967,17.3601
18,11017890.284763,11414164.852967,17.3601
24,0.000000,0.000000,0.0000
29,3.359450,3.480277,0.0000
30,1021373.481810,1058108.675664,1.6093
45,7667984.431039,7943774.726720,12.0819