validatorid,total_sts_amount,total_s_amount,weight
13,5352916.110519,5553482.716577,8.2092
14,5352916.110519,5553482.716577,8.2092
15,11387476.947504,11814150.475682,17.4637
16,11387476.947504,11814150.475682,17.4637
17,11387476.947504,11814150.475682,17.4637
18,11387476.947504,11814150.475682,17.4637
24,0.000000,0.000000,0.0000
29,3.359450,3.485324,0.0000
30,1282649.107518,1330708.253775,1.9671
45,7667984.431039,7955293.550196,11.7596