validatorid,total_sts_amount,total_s_amount,weight
13,5352916.110519,5529132.829367,8.3882
14,5352916.110519,5529132.829367,8.3882
15,11089935.183706,11455013.199119,17.3783
16,11089935.183706,11455013.199119,17.3783
17,11089935.183706,11455013.199119,17.3783
18,11089935.183706,11455013.199119,17.3783
24,0.000000,0.000000,0.0000
29,3.359450,3.470042,0.0000
30,1087641.617240,1123446.519300,1.7044
45,7661748.747558,7913971.684935,12.0062