validatorid,total_sts_amount,total_s_amount,weight
13,5352916.110519,5546007.424147,8.4220
14,5352916.110519,5546007.424147,8.4220
15,11035899.234790,11433988.096321,17.3633
16,11035899.234790,11433988.096321,17.3633
17,11035899.234790,11433988.096321,17.3633
18,11035899.234790,11433988.096321,17.3633
24,0.000000,0.000000,0.0000
29,3.359450,3.480632,0.0000
30,1041269.614157,1078830.471359,1.6383
45,7667984.431039,7944585.288609,12.0644