validatorid,total_sts_amount,total_s_amount,weight
13,0.000000,0.000000,0.0000
14,0.000000,0.000000,0.0000
15,4219023.148179,4434669.054933,16.9004
16,4219023.148179,4434669.054933,16.9004
17,4219023.148179,4434669.054933,16.9004
18,4219023.148179,4434669.054933,16.9004
24,0.000000,0.000000,0.0000
29,0.000000,0.000000,0.0000
30,419984.420521,441450.982330,1.6824
45,7667984.431039,8059916.259222,30.7161