validatorid,total_sts_amount,total_s_amount,weight
13,5352916.110519,5540609.492975,8.4677
14,5352916.110519,5540609.492975,8.4677
15,10958856.174290,11343114.911160,17.3357
16,10958856.174290,11343114.911160,17.3357
17,10958856.174290,11343114.911160,17.3357
18,10958856.174290,11343114.911160,17.3357
24,0.000000,0.000000,0.0000
29,3.359450,3.477245,0.0000
30,1009590.263210,1044990.297039,1.5971
45,7664668.823764,7933420.955730,12.1247