validatorid,total_sts_amount,total_s_amount,weight
13,5352916.110519,5543075.788407,8.4364
14,5352916.110519,5543075.788407,8.4364
15,11009143.600124,11400237.941525,17.3509
16,11009143.600124,11400237.941525,17.3509
17,11009143.600124,11400237.941525,17.3509
18,11009143.600124,11400237.941525,17.3509
24,0.000000,0.000000,0.0000
29,3.359450,3.478792,0.0000
30,1043066.526779,1080120.945464,1.6439
45,7664668.823764,7936952.365025,12.0798