validatorid,total_sts_amount,total_s_amount,weight
13,0.000000,0.000000,0.0000
14,0.000000,0.000000,0.0000
15,4219023.148179,4452694.154950,17.5598
16,4219023.148179,4452694.154950,17.5598
17,4219023.148179,4452694.154950,17.5598
18,4219023.148179,4452694.154950,17.5598
24,0.000000,0.000000,0.0000
29,0.000000,0.000000,0.0000
30,482465.230349,509186.613984,2.0081
45,6667984.431039,7037291.396280,27.7526