validatorid,total_sts_amount,total_s_amount,weight
13,0.000000,0.000000,0.0000
14,0.000000,0.000000,0.0000
15,4219023.148179,4492264.568980,24.4121
16,4219023.148179,4492264.568980,24.4121
17,4219023.148179,4492264.568980,24.4121
18,4219023.148179,4492264.568980,24.4121
24,0.000000,0.000000,0.0000
29,0.000000,0.000000,0.0000
30,406382.247536,432701.245751,2.3514
45,0.031039,0.033050,0.0000