validatorid,total_sts_amount,total_s_amount,weight
13,0.000000,0.000000,0.0000
14,0.000000,0.000000,0.0000
15,4219023.148179,4426749.825864,16.9300
16,4219023.148179,4426749.825864,16.9300
17,4219023.148179,4426749.825864,16.9300
18,4219023.148179,4426749.825864,16.9300
24,0.000000,0.000000,0.0000
29,0.000000,0.000000,0.0000
30,376318.341933,394846.649594,1.5101
45,7667984.431039,8045523.229585,30.7699