validatorid,total_sts_amount,total_s_amount,weight
13,0.000000,0.000000,0.0000
14,0.000000,0.000000,0.0000
15,5427218.977051,5827218.703601,24.3843
16,5427218.977051,5827218.703601,24.3843
17,5427218.977051,5827218.703601,24.3843
18,5427218.977051,5827218.703601,24.3843
24,0.000000,0.000000,0.0000
29,0.000000,0.000000,0.0000
30,548124.376693,588522.525675,2.4627
45,0.031039,0.033327,0.0000