validatorid,total_sts_amount,total_s_amount,weight
13,0.000000,0.000000,0.0000
14,0.000000,0.000000,0.0000
15,5469023.148179,5839380.339571,24.5527
16,5469023.148179,5839380.339571,24.5527
17,5469023.148179,5839380.339571,24.5527
18,5469023.148179,5839380.339571,24.5527
24,0.000000,0.000000,0.0000
29,0.000000,0.000000,0.0000
30,398548.159827,425537.472746,1.7892
45,0.031039,0.033141,0.0000