validatorid,total_sts_amount,total_s_amount,weight
13,5352916.110519,5547712.712984,8.2704
14,5352916.110519,5547712.712984,8.2704
15,11282319.852179,11692891.871196,17.4316
16,11282319.852179,11692891.871196,17.4316
17,11282319.852179,11692891.871196,17.4316
18,11282319.852179,11692891.871196,17.4316
24,0.000000,0.000000,0.0000
29,3.359450,3.481702,0.0000
30,1220327.820908,1264736.458835,1.8854
45,7667984.431039,7947028.093238,11.8473