validatorid,total_sts_amount,total_s_amount,weight
13,0.000000,0.000000,0.0000
14,0.000000,0.000000,0.0000
15,0.000000,0.000000,0.0000
16,0.000000,0.000000,0.0000
17,0.000000,0.000000,0.0000
18,0.000000,0.000000,0.0000
24,0.000000,0.000000,0.0000
29,0.000000,0.000000,0.0000
30,369525.998850,369525.998850,100.0000
45,0.000000,0.000000,0.0000