validatorid,total_sts_amount,total_s_amount,weight
13,0.000000,0.000000,0.0000
14,0.000000,0.000000,0.0000
15,4219023.148179,4471135.900769,20.0311
16,4219023.148179,4471135.900769,20.0311
17,4219023.148179,4471135.900769,20.0311
18,4219023.148179,4471135.900769,20.0311
24,0.000000,0.000000,0.0000
29,0.000000,0.000000,0.0000
30,518247.063307,549215.533747,2.4605
45,3667984.431039,3887169.208863,17.4149