validatorid,total_sts_amount,total_s_amount,weight
13,0.000000,0.000000,0.0000
14,0.000000,0.000000,0.0000
15,4965496.237860,5181376.607908,17.7290
16,4965496.237860,5181376.607908,17.7290
17,4965496.237860,5181376.607908,17.7290
18,4965496.237860,5181376.607908,17.7290
24,0.000000,0.000000,0.0000
29,3.359450,3.505505,0.0000
30,477735.490014,498505.562012,1.7057
45,7667984.431039,8001358.425741,27.3781