validatorid,total_sts_amount,total_s_amount,weight
13,0.000000,0.000000,0.0000
14,0.000000,0.000000,0.0000
15,4219023.148179,4419904.776374,16.8573
16,4219023.148179,4419904.776374,16.8573
17,4219023.148179,4419904.776374,16.8573
18,4219023.148179,4419904.776374,16.8573
24,0.000000,0.000000,0.0000
29,3.359450,3.519404,0.0000
30,483728.529487,506760.442608,1.9328
45,7667984.431039,8033082.498383,30.6379