validatorid,total_sts_amount,total_s_amount,weight
13,5352916.110519,5544311.651693,8.4350
14,5352916.110519,5544311.651693,8.4350
15,11015597.720600,11409464.585605,17.3581
16,11015597.720600,11409464.585605,17.3581
17,11015597.720600,11409464.585605,17.3581
18,11015597.720600,11409464.585605,17.3581
24,0.000000,0.000000,0.0000
29,3.359450,3.479568,0.0000
30,1024482.069885,1061112.813976,1.6144
45,7667984.431039,7942156.116077,12.0830